memory,time,conversation_index,question,answer_actual,answer_received,similarity_string,similarity_semantic,similarity,cpu_edge_ns,cpu_cloud_ns,ram_edge_bytes,ram_cloud_bytes,disk_edge_bytes,disk_cloud_bytes,network_edge_bytes,network_cloud_bytes,openai_tokens,openai_cost_usd,api_latency_s,metric_window_s,toxic_latency,toxic_jitter,toxic_bandwidth,toxic_slow_close,toxic_timeout,toxic_slicer,toxic_limit_data,toxic_reset_peer
mem0,1763616474.3541768,0,When did Caroline go to the LGBTQ support group?,7 May 2023,"Caroline went to an LGBTQ support group on May 7, 2023, and July 19, 2023, the days before the memories recorded on May 8, 2023, and July 20, 2023, respectively.",0.10526315789473684,0.42069971561431885,0.26298143675452784,2698966305674.759,1041873516883.8883,56655631600.19754,69612902374.71611,38119113423.56148,33197328.433961347,552762.1602687109,39708144.05797909,616,0.0017817500000000001,81.42678308486938,81,200,50,1000,0,0,0,0,0
mem0,1763616528.872224,0,When did Melanie paint a sunrise?,2022,I don't know based on the given memories.,0.0,0.1655276119709015,0.08276380598545074,58441674709.38528,45757325285.198875,41439539200.0,13436765525.333334,614479.0061994321,1316759.5411084855,18141.877466606984,0.0,568,0.00135368,14.491487979888916,15,200,50,1000,0,0,0,0,0
mem0,1763616585.6189103,0,What fields would Caroline be likely to pursue in her educaton?,"Psychology, counseling certification","Based on the given memories, Caroline is likely to pursue education in fields related to counseling, mental health, and advocacy, as she has expressed interest in these areas.",0.21800947867298578,0.4402676224708557,0.32913855057192076,7273063311.674168,63070846910.83089,46648037376.00001,15121763147.294115,0.0,1035846.1852834091,5363.01211870346,0.0,589,0.00155732,17.43784236907959,17,200,50,1000,0,0,0,0,0
mem0,1763616640.0813828,0,What did Caroline research?,Adoption agencies,I don't know based on the given memories.,0.41379310344827586,0.045285310596227646,0.22953920702225175,9477746749.324532,38424365839.8274,41541214754.13332,13451411456.0,83394.77068152594,8778.396913844836,2541.791684526361,0.0,552,0.0013233,13.757874727249146,15,200,50,1000,0,0,0,0,0
mem0,1763616694.3123047,0,What is Caroline's identity?,Transgender woman,I don't know based on the given memories.,0.27586206896551724,0.14843808114528656,0.2121500750554019,5211665922.921854,47086302571.94649,41545718442.666664,13462466559.999998,0.0,52661.916801861094,0.0,0.0,539,0.00128599,14.038384914398193,15,200,50,1000,0,0,0,0,0
mem0,1763616748.9009886,0,When did Melanie run a charity race?,The sunday before 25 May 2023,"Melanie ran a charity race for mental health on May 20, 2023. This is calculated from the memory dated May 25, 2023, which states that she ran the race ""last Saturday.""",0.2131979695431472,0.3935416638851166,0.3033698167141319,3386236348.532674,38904695692.45485,41555746816.00001,13469253632.0,0.0,175540.3501042438,0.0,0.0,605,0.00170387,15.175970792770386,15,200,50,1000,0,0,0,0,0
mem0,1763616803.4562814,0,When is Melanie planning on going camping?,June 2023,I don't know based on the given memories.,0.12,0.12206930667161942,0.1210346533358097,7266155734.176883,52883747443.98779,41586917376.0,13470294016.0,0.0,460813.16665476107,3750.107150510751,0.0,571,0.00135637,14.395890951156616,15,200,50,1000,0,0,0,0,0
mem0,1763616857.9146595,0,What is Caroline's relationship status?,Single,I don't know based on the given memories.,0.1702127659574468,0.02163027599453926,0.09592152097599303,71312829934.62752,43402564309.721054,41577993830.4,13476551065.599997,0.0,13165.714285714286,16386.595710742055,0.0,532,0.00126368,14.017384052276611,15,200,50,1000,0,0,0,0,0
mem0,1763616914.2200065,0,When did Caroline give a speech at a school?,The week before 9 June 2023,"Caroline gave a speech at a school event about their transgender journey in early June 2023. The event was ""last week"" from June 9, 2023, indicating the speech took place in the first few days of June 2023.",0.11158798283261803,0.4664357900619507,0.28901188644728437,7137013865.527426,59131803705.8041,44156345856.0,14320404480.0,0.0,61167.51599206658,12834.566913382676,135659.13182636525,624,0.0018017500000000002,16.80782961845398,16,200,50,1000,0,0,0,0,0
mem0,1763616970.9836447,0,"When did Caroline meet up with her friends, family, and mentors?",The week before 9 June 2023,I don't know based on the given memories.,0.2647058823529412,0.02068336494266987,0.14269462364780552,22733352422.30943,59518997733.88035,46752951597.17647,15168454656.000004,0.0,104452.89678215941,5207.226375289909,0.0,602,0.00140501,17.323930978775024,17,200,50,1000,0,0,0,0,0
mem0,1763617026.9090345,0,How long has Caroline had her current group of friends for?,4 years,I don't know based on the given memories.,0.16666666666666666,0.2011244297027588,0.1838955481847127,7644818133.99993,53423302545.18611,44164596224.0,14330116096.0,0.0,183502.54785969135,0.0,0.0,587,0.00137713,16.43887734413147,16,200,50,1000,0,0,0,0,0
mem0,1763617081.841962,0,Where did Caroline move from 4 years ago?,Sweden,I don't know based on the given memories.,0.2127659574468085,0.10363901406526566,0.15820248575603707,11766731864.199734,48459408448.70084,41601728785.06666,13493169356.799997,0.0,228208.22275733057,7714.285740524781,0.0,562,0.0013242500000000001,15.570247888565063,15,200,50,1000,0,0,0,0,0
mem0,1763617140.1776366,0,How long ago was Caroline's 18th birthday?,10 years ago,"Caroline's 18th birthday was ten years ago from June 27, 2023. Therefore, her 18th birthday was in 2013.",0.1896551724137931,0.2937648892402649,0.241710030827029,6402312175.555294,68036087753.37105,49436235093.333336,16031716693.333332,0.0,3639079.447311361,0.0,0.0,485,0.00130694,18.939347743988037,18,200,50,1000,0,0,0,0,0
mem0,1763617195.6827166,0,What career path has Caroline decided to persue?,counseling or mental health for Transgender people,I don't know based on the given memories.,0.26373626373626374,0.04735522344708443,0.15554574359167408,3740457858.0689116,51999667367.35709,44223286016.0,14351906560.0,0.0,78644.94774318287,0.0,0.0,566,0.0013342500000000001,16.084317684173584,16,200,50,1000,0,0,0,0,0
mem0,1763617254.236132,0,Would Caroline still want to pursue counseling as a career if she hadn't received support growing up?,Likely no,I don't know based on the given memories.,0.16,0.10835647583007812,0.13417823791503908,31662768433.075226,50750437544.80839,52027101615.157906,16890183033.26316,0.0,82154.28223420665,13310.851427854806,209.03096769415637,597,0.0013708099999999999,19.320534706115723,19,200,50,1000,0,0,0,0,0
mem0,1763617310.6076977,0,What activities does Melanie partake in?,"pottery, camping, painting, swimming","Melanie carves out me-time each day for running, reading, and playing violin. Additionally, she plans to continue activities that support mental health and finds these activities helpful.",0.17040358744394618,0.16637247800827026,0.16838803272610822,3742604207.991418,35416332224.086914,44212952832.0,14357602560.0,0.0,17478.59784561656,0.0,0.0,612,0.0016562200000000001,16.9666588306427,16,200,50,1000,0,0,0,0,0
mem0,1763617365.643696,0,When did Melanie sign up for a pottery class?,2 July 2023,I don't know based on the given memories.,0.07692307692307693,0.07798246294260025,0.07745276993283859,5079859346.663147,46612728917.848114,41379368413.86667,13519504998.400003,0.0,35108.57151813411,0.0,0.0,549,0.0012917500000000001,15.697497606277466,15,200,50,1000,0,0,0,0,0
mem0,1763617420.2096694,0,When is Caroline going to the transgender conference?,July 2023,I don't know based on the given memories.,0.04,0.11557551473379135,0.07778775736689568,8300225885.180344,48598248786.79363,41614708462.933334,13537200264.533333,0.0,855895.2744429464,2597.6995070372222,5863.04208044581,581,0.00137656,14.377415418624878,15,200,50,1000,0,0,0,0,0
mem0,1763617475.08763,0,Where has Melanie camped?,"beach, mountains, forest","Based on the given memories, Melanie has camped in the mountains and at the beach.",0.32075471698113206,0.4739050269126892,0.3973298719469106,51635739994.24412,47741229801.22813,41604251647.99999,13586436095.999998,241381.77478546445,184320.00080606414,20775.890505549345,1793.5714361807577,581,0.00145849,15.424614906311035,15,200,50,1000,0,0,0,0,0
mem0,1763617529.5096798,0,What do Melanie's kids like?,"dinosaurs, nature","Melanie's kids like nature, and they had a blast at the beach.",0.22784810126582278,0.25770217180252075,0.24277513653417176,2971324429.5372596,41714011327.19128,41607838378.666664,13601920341.333334,0.0,131659.9642831631,0.0,0.0,554,0.00137118,13.881697416305542,15,200,50,1000,0,0,0,0,0
mem0,1763617583.9994922,0,When did Melanie go to the museum?,5 July 2023,I don't know based on the given memories.,0.07692307692307693,0.048246823251247406,0.06258495008716217,3065004503.2122054,38508228855.10019,41650163711.99999,13604687872.0,0.0,412557.06624085095,0.0,0.0,567,0.00134637,14.83547067642212,15,200,50,1000,0,0,0,0,0
mem0,1763617638.5293217,0,When did Caroline have a picnic?,The week before 6 July 2023,"Caroline had a picnic on June 29, 2023, as it was mentioned on July 6, 2023, that the picnic took place ""last week.""",0.22377622377622378,0.5075643062591553,0.3656702650176895,5425885406.912243,26549979227.489376,41644995106.13333,13610124902.4,0.0,579456.3693753898,0.0,0.0,591,0.0016136800000000001,15.121073246002197,15,200,50,1000,0,0,0,0,0
mem0,1763617694.4143238,0,Would Caroline likely have Dr. Seuss books on her bookshelf?,"Yes, since she collects classic children's books",I don't know based on the given memories.,0.24719101123595505,0.20221126079559326,0.22470113601577416,6571088242.429666,42307731812.99248,44230994944.0,14462944256.0,0.0,843324.8455593179,3830.099353203974,0.0,578,0.0013738700000000001,16.50993514060974,16,200,50,1000,0,0,0,0,0
mem0,1763617748.794941,0,What books has Melanie read?,"""Nothing is Impossible"", ""Charlotte's Web""",I don't know based on the given memories.,0.21686746987951808,-0.02769402042031288,0.0945867247296026,4479590946.178569,41906507629.31634,41639038702.933334,13613283191.46667,0.0,618858.1743979941,70.71428571428571,0.0,563,0.00134599,13.834439992904663,15,200,50,1000,0,0,0,0,0
mem0,1763617804.1356761,0,What does Melanie do to destress?,"Running, pottery","Melanie runs and paints to destress. Running is described as a preferred activity for destressing and clearing the mind, and she also uses painting to relax after a long day.",0.15789473684210525,0.46512213349342346,0.3115084351677644,6531348418.232225,51419877944.20218,44184744448.0,14464150528.0,0.0,131074.9132937284,9029.694594967932,11824.473075631366,615,0.00166887,16.02174687385559,16,200,50,1000,0,0,0,0,0
mem0,1763617858.334349,0,When did Caroline go to the LGBTQ conference?,10 July 2023,"Caroline attended an LGBTQ conference on July 10, 2023, as mentioned in the memory from July 12, 2023, which states she attended the conference two days ago.",0.11834319526627218,0.36464816331863403,0.2414956792924531,2532921443.1878295,27294014953.038685,41624946278.399994,13614801442.133333,0.0,368665.7143890223,0.0,0.0,604,0.00165906,13.752729415893555,15,200,50,1000,0,0,0,0,0
mem0,1763617912.6485581,0,"When did Melanie read the book ""nothing is impossible""?",2022,I don't know based on the given memories.,0.0,0.1655276119709015,0.08276380598545074,48532239099.43973,29279236039.743523,41429995793.06666,13540521574.4,0.0,539887.4133355368,12773.57142857143,0.0,571,0.0013419400000000002,14.126593351364136,15,200,50,1000,0,0,0,0,0
mem0,1763617967.0489795,0,Would Caroline pursue writing as a career option?,"LIkely no; though she likes reading, she wants to be a counselor",I don't know based on the given memories.,0.22857142857142856,0.1191868782043457,0.17387915338788712,3651193964.2661753,27338115942.261482,41519393996.8,13540810751.999998,0.0,289705.9143833779,0.0,0.0,564,0.00134368,12.909384727478027,15,200,50,1000,0,0,0,0,0
mem0,1763618021.3159199,0,When did Caroline go to the adoption meeting?,The friday before 15 July 2023,I don't know based on the given memories.,0.19718309859154928,0.020514214411377907,0.1088486565014636,4489763040.749392,31384772875.87253,41572383948.80001,13542080512.0,0.0,1018213.7835415525,1506.6438062580366,0.0,566,0.00133906,13.092823028564453,15,200,50,1000,0,0,0,0,0
mem0,1763618075.7379353,0,When did Melanie go to the pottery workshop?,The Friday before 15 July 2023,"Melanie went to the pottery workshop on July 14, 2023. This is determined from the fact that she took the kids to a pottery workshop ""last Friday"" from the memory dated 2023-07-15.",0.19047619047619047,0.29762086272239685,0.24404852659929366,2271686775.80195,20411700967.691994,41666300586.666664,13546128725.333332,0.0,263319.30167232885,0.0,0.0,584,0.00166906,13.709749221801758,15,200,50,1000,0,0,0,0,0
mem0,1763618130.1372263,0,Would Melanie be considered a member of the LGBTQ community?,"Likely no, she does not refer to herself as part of it",I don't know based on the given memories.,0.25263157894736843,0.16750484704971313,0.21006821299854078,23952528339.7792,25172923079.10124,41666753877.333336,13541750374.400002,0.0,1031396.4394655586,5036.785714285714,0.0,579,0.0013619400000000003,14.559531450271606,15,200,50,1000,0,0,0,0,0
mem0,1763618184.412704,0,When did Melanie go camping in June?,The week before 27 June 2023,I don't know based on the given memories.,0.2608695652173913,0.0018029715865850449,0.13133626840198817,63146302866.7765,33217873262.028816,41667276799.99999,13541543936.0,0.0,153626.33644515663,20952.384379496496,0.0,577,0.00137137,12.545453310012817,15,200,50,1000,0,0,0,0,0
mem0,1763618238.8341432,0,What LGBTQ+ events has Caroline participated in?,"Pride parade, school speech, support group","Caroline has participated in the following LGBTQ+ events:

1. An LGBT pride event in June 2023 (since it was last month from July 17, 2023).
2. An LGBTQ conference on July 10, 2023 (two days before July 12, 2023).
3. An LGBTQ+ counseling workshop on June 23, 2023 (last Friday from June 27, 2023).
4. Volunteered at an LGBTQ+ youth center on August 28, 2023.",0.025,0.44213229417800903,0.23356614708900453,3443804002.7074695,27221236230.340904,41676498534.4,13543779259.733335,0.0,706683.5301848666,0.0,0.0,680,0.0023740600000000003,13.962137460708618,15,200,50,1000,0,0,0,0,0
mem0,1763618293.0793636,0,When did Caroline go to a pride parade during the summer?,The week before 3 July 2023,I don't know based on the given memories.,0.2647058823529412,0.021566588431596756,0.14313623539226897,55502802035.198395,36441774744.12842,41678425292.79998,13548018073.600002,0.0,342361.24476668844,17034.774704186966,0.0,586,0.0013746300000000002,14.639466762542725,15,200,50,1000,0,0,0,0,0
mem0,1763618347.4571571,0,What events has Caroline participated in to help children?,"Mentoring program, school speech","Caroline has participated in the following events to help children:

1. Volunteered at an LGBTQ+ youth center on 2023-08-28.
2. Organized a talent show for kids, planned for the month following 2023-08-28 (September 2023).",0.015748031496062992,0.3156968355178833,0.16572243350697313,4669699887.352931,30861000435.838806,41677043302.4,13549268172.8,0.0,614401.8827421259,0.0,0.0,635,0.0018817500000000002,14.802966117858887,15,200,50,1000,0,0,0,0,0
mem0,1763618401.7772086,0,When did Melanie go camping in July?,two weekends before 17 July 2023,"Melanie went camping in the mountains with family during the week of July 10th, 2023, as she went camping ""last week"" from the memory dated July 17, 2023.",0.20430107526881722,0.3766103982925415,0.2904557367806794,13869864220.256191,28716367846.08837,41667507814.40001,13552712635.733337,0.0,728508.1867718822,7682.142857142857,0.0,608,0.00169637,12.948022842407227,15,200,50,1000,0,0,0,0,0
mem0,1763618456.1914043,0,When did Caroline join a mentorship program?,The weekend before 17 July 2023,I don't know based on the given memories.,0.3055555555555556,0.009433439001441002,0.1574944972784983,3581534880.9429593,27697434087.934814,41666682606.933334,13551396454.400002,0.0,473967.9089521387,0.0,0.0,567,0.00134391,13.075304508209229,15,200,50,1000,0,0,0,0,0
mem0,1763618510.7259958,0,What did Melanie paint recently?,sunset,Melanie recently painted an abstract painting and a painting inspired by sunsets.,0.13793103448275862,0.5039442777633667,0.3209376561230627,9796675273.847279,28756311146.84971,41663663854.933334,13551180731.733335,0.0,816413.4994477913,2552.142857142857,0.0,559,0.00137349,12.545159339904785,15,200,50,1000,0,0,0,0,0
mem0,1763618565.1505258,0,What activities has Melanie done with her family?,"Pottery, painting, camping, museum, swimming, hiking",Melanie has gone on camping trips with her family and volunteered at a homeless shelter with them.,0.28,0.2793164849281311,0.27965824246406557,4188584630.488798,32218693614.933815,41685049890.13332,13551637845.333334,0.0,983185.478820191,0.0,13445.02393370008,572,0.0014290600000000002,13.486189365386963,15,200,50,1000,0,0,0,0,0
mem0,1763618620.5519826,0,In what ways is Caroline participating in the LGBTQ community?,"Joining activist group, going to pride parades, participating in an art show, mentoring program","Caroline has been actively involved in the LGBTQ community in several ways. On June 9, 2023, she encouraged students to get involved in the community. By June 27, 2023, she was passionate about creating a safe space for LGBTQ+ individuals. On July 10, 2023, Caroline attended an LGBTQ conference, as mentioned on July 12, 2023. Additionally, on July 12, 2023, she expressed a desire to help make a difference in LGBTQ rights and felt welcomed and accepted in the community. She visited an LGBTQ center on July 17, 2023. By August 14, 2023, she was inspired by making a difference for the LGBTQ+ community. On August 17, 2023, she continued to support LGBTQ rights. She volunteered at an LGBTQ+ youth center on August 28, 2023, and on August 25, 2023, she supported spreading understanding and acceptance of the community and was excited about an event featuring LGBTQ artists.",0.004119464469618949,0.46278899908065796,0.23345423177513847,2409564592.271821,25589072544.44656,41687515136.0,13554151424.0,0.0,307230.725016406,0.0,0.0,778,0.0033888699999999996,15.79615330696106,15,200,50,1000,0,0,0,0,0
mem0,1763618675.3336372,0,How many times has Melanie gone to the beach in 2023?,2,I don't know based on the given memories.,0.0,0.11177144199609756,0.05588572099804878,65684310887.68477,36666359856.61302,41685845060.26667,13559940710.4,0.0,394990.2387500942,12285.585062686034,0.0,581,0.0013525100000000001,15.389047622680664,15,200,50,1000,0,0,0,0,0
mem0,1763618729.6708643,0,When did Caroline join a new activist group?,The Tuesday before 20 July 2023,I don't know based on the given memories.,0.16666666666666666,0.050132207572460175,0.10839943711956342,3399418714.4727645,29484908547.39607,41687646208.0,13557007701.333334,0.0,438894.769037872,0.0,0.0,561,0.00132656,12.88971209526062,15,200,50,1000,0,0,0,0,0
mem0,1763618785.7251172,0,Would Melanie be more interested in going to a national park or a theme park?,National park; she likes the outdoors,"Melanie would be more interested in going to a national park. The memories indicate that she enjoys activities related to nature, such as hiking in the mountains, exploring forests, and family camping trips, and she enjoys quality time in nature. There is no mention of an interest in theme parks.",0.08982035928143713,0.6401687860488892,0.36499457266516316,3973582822.7373805,32988556823.12588,44296734208.0,14410190336.0,0.0,760317.2336370494,0.0,0.0,642,0.00185808,16.577794313430786,16,200,50,1000,0,0,0,0,0
mem0,1763618840.107972,0,What kind of art does Caroline make?,abstract art,"Caroline creates art through painting and drawing, which she enjoys as a form of self-expression. She also has an interest in creating pottery for art. Additionally, she is interested in showcasing her personal paintings.",0.0,0.4026229977607727,0.20131149888038635,7228067539.0860195,30839042147.368023,41693643298.13333,13561495825.066671,0.0,122900.06607204568,2560.897206943353,0.0,597,0.0016613700000000001,13.558846712112427,15,200,50,1000,0,0,0,0,0
mem0,1763618894.6175628,0,When is Melanie's daughter's birthday?,13 August,I don't know based on the given memories.,0.16,0.15155893564224243,0.15577946782112123,3550156080.1197424,29494411942.246716,41682104319.999985,13564682240.0,0.0,711027.5790167339,0.0,0.0,548,0.00130122,12.531299352645874,15,200,50,1000,0,0,0,0,0
mem0,1763618948.9369183,0,When did Caroline attend a pride parade in August?,The Friday before 14 August 2023,I don't know based on the given memories.,0.2191780821917808,0.05569884181022644,0.13743846200100363,50765990705.2239,26073606065.61043,41695072255.999985,13562389845.333332,0.0,570546.8894416904,18322.47560369011,0.0,580,0.00136925,13.827191591262817,15,200,50,1000,0,0,0,0,0
mem0,1763619004.1410747,0,Would Melanie be considered an ally to the transgender community?,"Yes, she is supportive","Yes, Melanie can be considered an ally to the transgender community. The memories indicate that Melanie supports speaking up for the trans community, supports the LGBTQ community, is interested in LGBTQ advocacy activities, appreciates the courage of trans individuals, and is interested in how friends and family are supporting someone during their transition. Additionally, Melanie appreciates Caroline's art and storytelling about trans folks, suggesting a supportive attitude towards transgender individuals.",0.02247191011235955,0.4613536596298218,0.24191278487109066,4500827150.547332,26957258617.62342,41679409425.066666,13567339997.866661,0.0,456411.4292879301,3098.571436475947,9471.42859559038,640,0.0020908000000000003,15.70447826385498,15,200,50,1000,0,0,0,0,0
mem0,1763619058.602803,0,Who supports Caroline when she has a negative experience?,"Her mentors, family, and friends",I don't know based on the given memories.,0.273972602739726,0.17609915137290955,0.22503587705631778,4619736563.283634,24601337995.524857,41670880187.73334,13567511756.800001,0.0,772419.9228459481,0.0,0.0,552,0.0012992500000000003,12.119116067886353,15,200,50,1000,0,0,0,0,0
mem0,1763619113.1371086,0,What types of pottery have Melanie and her kids made?,"bowls, cup",I don't know based on the given memories.,0.1568627450980392,0.16226235032081604,0.15956254770942763,7300633201.466478,26747445427.56198,41667193514.66667,13568772505.600004,0.0,412599.0818440688,7341.428571428572,0.0,556,0.00130444,13.651012897491455,15,200,50,1000,0,0,0,0,0
mem0,1763619167.9036956,0,When did Caroline and Melanie go to a pride fesetival together?,2022,I don't know based on the given memories.,0.0,0.1655276119709015,0.08276380598545074,4611440971.386034,25602994291.108776,41681831526.399994,13570758246.4,1369495.1644514701,438949.9547007303,0.0,0.0,576,0.0013375499999999999,15.33654236793518,15,200,50,1000,0,0,0,0,0
mem0,1763619222.283378,0,What would Caroline's political leaning likely be?,Liberal,I don't know based on the given memories.,0.16666666666666666,0.09655876457691193,0.13161271562178928,53173562141.467255,28897887781.52319,41678369860.26666,13574323131.73333,0.0,92159.05965900396,14990.71280584178,0.0,573,0.00135656,12.763498067855835,15,200,50,1000,0,0,0,0,0
mem0,1763619276.6812477,0,What has Melanie painted?,"Horse, sunset, sunrise",Melanie has done an abstract painting and created a painting inspired by sunsets last week. She also finished a painting with kids.,0.23529411764705882,0.3693041205406189,0.3022991190938389,2741971888.917735,26933743707.35241,41699755622.4,13574641527.466671,0.0,399362.1947559296,0.0,0.0,570,0.0014883000000000001,12.0080087184906,15,200,50,1000,0,0,0,0,0
mem0,1763619331.0702813,0,What are Melanie's pets' names?,"Oliver, Luna, Bailey","Melanie has a cat named Bailey and a dog named Oscar. Additionally, there are mentions of a cat named Oliver, which may also be one of Melanie's pets, based on the given memories.",0.1708542713567839,0.5356601476669312,0.3532572095118575,9062467521.10624,26574681943.31053,41698384281.6,13572603903.999998,0.0,737301.9456786136,5108.388992622977,0.0,574,0.00159637,13.334235668182373,15,200,50,1000,0,0,0,0,0
mem0,1763619385.3537157,0,When did Caroline apply to adoption agencies?,The week of 23 August 2023,"Caroline applied to adoption agencies on August 23, 2023.",0.43373493975903615,0.33071961998939514,0.3822272798742157,54982056898.67366,24530045818.293293,41700824951.466675,13574897663.999998,0.0,421292.82683889923,25315.111573663104,0.0,569,0.0013963699999999999,14.010741949081421,15,200,50,1000,0,0,0,0,0
mem0,1763619439.7476969,0,When did Caroline draw a self-portrait?,The week before 23 August 2023,Caroline made a self-portrait last week from the date of the memory on 2023-08-23. This would mean she drew it around 2023-08-16.,0.2138364779874214,0.38115403056144714,0.29749525427443424,11061940788.606033,23762499260.317657,41706418176.00001,13571383569.066668,0.0,215080.44603901857,10248.781937639105,0.0,613,0.00168156,13.49935007095337,15,200,50,1000,0,0,0,0,0
mem0,1763619494.1330082,0,What subject have Caroline and Melanie both painted?,Sunsets,I don't know based on the given memories.,0.20833333333333334,0.1363828480243683,0.17235809067885083,4194889514.6477065,29273509534.05889,41707737088.0,13574057984.0,0.0,557389.6410017197,0.0,0.0,557,0.00131656,12.617926836013794,15,200,50,1000,0,0,0,0,0
mem0,1763619549.2896883,0,What symbols are important to Caroline?,"Rainbow flag, transgender symbol","Caroline finds the following symbols important based on the given memories:

1. A symbol that stands for freedom and being real (mentioned on 2023-10-13).
2. A symbol that is a reminder to stay true to oneself and embrace womanhood (mentioned on 2023-10-13).
3. A necklace that symbolizes love, faith, strength, and is a reminder of roots and family support (mentioned on 2023-06-27).
4. A mix of colors that symbolizes challenging rigid gender thinking (mentioned on 2023-09-13).
5. A rainbow flag mural that reflects the courage and strength of the trans community (mentioned on 2023-08-25).",0.0128,0.6097853779792786,0.3112926889896393,4527937731.667266,24760849059.636166,41696528793.600006,13574248311.466667,0.0,373048.63651489007,0.0,0.0,719,0.0027511799999999998,15.487210512161255,15,200,50,1000,0,0,0,0,0
mem0,1763619604.113242,0,When did Caroline encounter people on a hike and have a negative experience?,The week before 25 August 2023,Caroline had a negative experience on a hike involving religious conservatives on 2023-08-17. She also had a conflict with some people during hiking on 2023-08-25.,0.18652849740932642,0.31926190853118896,0.2528952029702577,55731581766.40292,36592930951.9355,41705784661.333336,13579022609.066666,0.0,614409.406096841,30154.285791209913,255608.57208063413,602,0.00163751,15.326950073242188,15,200,50,1000,0,0,0,0,0
mem0,1763619658.5372436,0,When did Melanie make a plate in pottery class?,24 August 2023,I don't know based on the given memories.,0.10909090909090909,0.08556293696165085,0.09732692302627996,62195645279.92609,14462597706.187656,41702600704.0,13581107473.066666,0.0,421317.59430239815,23258.386876289143,70.72944202329072,546,0.00128425,13.097366571426392,15,200,50,1000,0,0,0,0,0
mem0,1763619712.7162993,0,Would Caroline be considered religious?,"Somewhat, but not extremely religious",I don't know based on the given memories.,0.1794871794871795,0.182166188955307,0.18082668422124326,67241641379.3298,34338987995.238937,41704798890.666664,13581393646.933334,0.0,342348.0748866053,29241.42864602405,265011.4292474781,562,0.0013434900000000001,13.038676977157593,15,200,50,1000,0,0,0,0,0
mem0,1763619767.0487607,0,What instruments does Melanie play?,clarinet and violin,Melanie plays the clarinet.,0.34782608695652173,0.6558616161346436,0.5018438515455826,65039030937.2126,22535790897.260773,41736803942.4,13581423411.2,0.0,789998.0351449191,29591.47780756176,30294.403989549035,544,0.00128349,12.767473220825195,15,200,50,1000,0,0,0,0,0
mem0,1763619821.3861156,0,What musical artists/bands has Melanie seen?,"Summer Sounds, Matt Patterson",I don't know based on the given memories.,0.14285714285714285,0.12777984142303467,0.13531849214008876,6289054496.83818,14365865580.812931,41719481139.2,13582288486.4,0.0,763708.3108803466,28287.449237732282,132786.57055506416,565,0.00134618,13.007412195205688,15,200,50,1000,0,0,0,0,0
mem0,1763619875.5992541,0,When did Melanie go to the park?,27 August 2023,"Melanie went to the park on August 27, 2023, as she mentioned taking the kids to the park the day before on August 28, 2023.",0.17391304347826086,0.46455827355384827,0.31923565851605457,74491649826.34424,25674815181.63166,41675770265.600006,13585406907.733334,0.0,772381.6775649794,29244.29082612815,200659.78775876027,597,0.00162387,13.011398792266846,15,200,50,1000,0,0,0,0,0
mem0,1763619930.2677648,0,When is Caroline's youth center putting on a talent show?,September 2023,I don't know based on the given memories.,0.21818181818181817,0.10118134319782257,0.15968158068982036,60450275496.36119,19621552357.544743,41738593894.40001,13585666867.200003,0.0,925998.6041956758,31316.972029713044,29030.35714285714,575,0.00134713,15.537877798080444,15,200,50,1000,0,0,0,0,0
mem0,1763619985.6585288,0,"Would Melanie likely enjoy the song ""The Four Seasons"" by Vivaldi?",Yes; it's classical music,I don't know based on the given memories.,0.06060606060606061,0.1021045371890068,0.0813552988975337,65376612547.03871,29667894916.76428,41760186367.99999,13605974015.999998,0.0,351110.79618113267,37414.28579064141,328858.92924256925,580,0.00135001,15.013993263244629,15,200,50,1000,0,0,0,0,0
mem0,1763620040.0145895,0,What are some changes Caroline has faced during her transition journey?,"Changes to her body, losing unsupportive friends","Caroline has faced several changes during her transition journey. She has experienced personal development and the ability to express herself authentically after transitioning. She reflected on her progress since starting her transition three years ago, indicating a journey of personal growth. Additionally, she has received support from others, which has played a role in her transition. Art has also been a tool for her to explore her transition and her changing body.",0.046242774566473986,0.313498854637146,0.17987081460180998,60646269880.1976,32713177510.688904,41751313066.66667,13611003357.866669,197572.31542857143,153616.92989987833,35181.603572311025,32086.071428571428,659,0.00212387,14.537936925888062,15,200,50,1000,0,0,0,0,0
mem0,1763620094.1914127,0,What does Melanie do with her family on hikes?,"Roast marshmallows, tell stories",I don't know based on the given memories.,0.3287671232876712,0.09982787072658539,0.2142974970071283,67321076816.796425,30125983243.63449,41748267008.0,13615849472.0,0.0,680291.2751596811,37023.14623931672,329339.90637312876,582,0.0013742500000000003,13.481184005737305,15,200,50,1000,0,0,0,0,0
mem0,1763620148.5008812,0,When did Caroline go biking with friends?,The weekend before 13 September 2023,I don't know based on the given memories.,0.3116883116883117,0.01052866131067276,0.16110848649949222,3759308883.5002804,23467950788.89076,41745991270.399994,13613492087.466667,0.0,724114.286386006,0.0,0.0,566,0.00134387,11.824551343917847,15,200,50,1000,0,0,0,0,0
mem0,1763620202.878611,0,How long has Melanie been practicing art?,Since 2016,I don't know based on the given memories.,0.1568627450980392,0.25262051820755005,0.20474163165279463,4612751182.287726,28057730032.688103,41766295142.4,13616607232.0,0.0,535406.970088975,0.0,0.0,554,0.00131387,14.221846103668213,15,200,50,1000,0,0,0,0,0
mem0,1763620257.6471791,0,What personality traits might Melanie say Caroline has?,"Thoughtful, authentic, driven",I don't know based on the given memories.,0.34285714285714286,0.10881651937961578,0.22583683111837932,3809315798.053422,25296633173.577824,41713437081.600006,13619909427.2,0.0,614440.4444708939,0.0,0.0,550,0.00129906,14.309748649597168,15,200,50,1000,0,0,0,0,0
mem0,1763620311.9984946,0,What transgender-specific events has Caroline attended?,"Poetry reading, conference",Caroline attended a transgender conference in July 2023 and a school event where they talked about their transgender journey in early June 2023.,0.18823529411764706,0.20371446013450623,0.19597487712607664,4026648182.210888,25875982983.289486,41769047108.26668,13620917043.2,0.0,368685.1471164842,2291.8948547345217,0.0,590,0.00157311,13.263555526733398,15,200,50,1000,0,0,0,0,0
mem0,1763620366.2992346,0,What book did Melanie read from Caroline's suggestion?,"""Becoming Nicole""",I don't know based on the given memories.,0.20689655172413793,0.12238705158233643,0.16464180165323716,4279311600.6815934,26812556858.30983,41602740224.0,13621766280.533335,0.0,570504.8823043251,0.0,0.0,545,0.0012817500000000001,14.257182121276855,15,200,50,1000,0,0,0,0,0
mem0,1763620420.6258805,0,When did Melanie's friend adopt a child?,2022,I don't know based on the given memories.,0.0,0.1655276119709015,0.08276380598545074,9849439839.266987,23688020852.574417,41770890035.19998,13622883123.2,0.0,526636.7240062593,5143.408228871409,0.0,579,0.00137156,13.692382097244263,15,200,50,1000,0,0,0,0,0
mem0,1763620474.7694473,0,When did Melanie get hurt?,September 2023,I don't know based on the given memories.,0.21818181818181817,0.10118134319782257,0.15968158068982036,3560052047.0344024,27628149074.4591,41762944341.33333,13627191022.933334,0.0,351085.7158082797,0.0,0.0,543,0.0012959900000000001,12.563773393630981,15,200,50,1000,0,0,0,0,0
mem0,1763620528.8754416,0,When did Melanie's family go on a roadtrip?,The weekend before 20 October 2023,I don't know based on the given memories.,0.29333333333333333,0.019930191338062286,0.1566317623356978,3291303636.173102,20734502228.40752,41759735808.0,13626817194.666666,0.0,307195.6120554878,0.0,0.0,555,0.0013019400000000001,13.554336309432983,15,200,50,1000,0,0,0,0,0
mem0,1763620582.9236588,0,How many children does Melanie have?,3,I don't know based on the given memories.,0.0,0.09601384401321411,0.048006922006607056,3828632077.824559,26249342081.354836,41762326664.53333,13633777117.866661,0.0,184348.53026034206,0.0,0.0,545,0.00129618,12.689321756362915,15,200,50,1000,0,0,0,0,0
mem0,1763620636.9831338,0,When did Melanie go on a hike after the roadtrip?,19 October 2023,I don't know based on the given memories.,0.17857142857142858,0.032911933958530426,0.1057416812649795,4425558751.281407,23660887129.630516,41774148812.8,13635535667.199997,0.0,632006.9560956536,0.0,0.0,585,0.00137213,14.52407455444336,15,200,50,1000,0,0,0,0,0
mem0,1763620691.0582156,0,Would Melanie go on another roadtrip soon?,Likely no; since this one went badly,I don't know based on the given memories.,0.38961038961038963,0.15485690534114838,0.272233647475769,8087338965.702122,24009810532.95112,41765065523.2,13637392793.599998,0.0,395011.8734455564,5148.062160524815,0.0,571,0.0013515600000000001,13.163508653640747,15,200,50,1000,0,0,0,0,0
mem0,1763620745.3394985,0,What items has Melanie bought?,"Figurines, shoes",I don't know based on the given memories.,0.21052631578947367,0.14154957234859467,0.17603794406903417,4277840561.8310595,25601713193.753452,41768678468.26667,13638107409.066666,0.0,377407.42626887164,0.0,0.0,548,0.00130849,13.260626316070557,15,200,50,1000,0,0,0,0,0
mem0,1763620799.648478,0,When did Caroline pass the adoption interview?,The Friday before 22 October 2023,"Caroline passed the adoption agency interviews on October 20, 2023, which was ""last Friday"" from the memory dated October 22, 2023.",0.2804878048780488,0.424333393573761,0.3524105992259049,21901303747.329018,21647006300.148495,41769091072.0,13634577749.333334,0.0,487175.63588429283,16041.83907540297,69846.79665738162,586,0.00158137,14.339358806610107,15,200,50,1000,0,0,0,0,0
mem0,1763620854.1847324,0,When did Melanie buy the figurines?,21 October 2023,Melanie bought the figurines on 2023-10-21.,0.2413793103448276,0.34928226470947266,0.29533078752715014,3150289619.0800877,24060183393.02353,41793613824.0,13638582272.000002,0.0,1110383.1862794475,15583.92857142857,11078.57142857143,565,0.00138637,15.266710042953491,15,200,50,1000,0,0,0,0,0
mem0,1763620908.4131498,0,Would Caroline want to move back to her home country soon?,No; she's in the process of adopting children.,I don't know based on the given memories.,0.367816091954023,0.10135354101657867,0.23458481648530083,58250489106.56318,19957247381.24324,41756082449.06667,13635565431.466663,0.0,30722.194442460175,23473.69511971668,0.0,599,0.0014071300000000001,14.199928045272827,15,200,50,1000,0,0,0,0,0
mem0,1763620962.6931818,0,What did the charity race raise awareness for?,mental health,I don't know based on the given memories.,0.1111111111111111,0.18799583613872528,0.1495534736249182,63529409550.58259,33151432215.307354,41793241088.0,13637983436.8,0.0,359879.7887001345,28862.930055052217,496787.0545403076,518,0.00119882,13.13883352279663,15,200,50,1000,0,0,0,0,0
mem0,1763621016.947498,0,What did Melanie realize after the charity race?,self-care is important,I don't know based on the given memories.,0.2857142857142857,0.10210184752941132,0.1939080666218485,3285082842.729161,18587009816.761307,41792394035.2,13642320281.599998,0.0,386203.0644693927,13586.199559116974,58467.80264525987,560,0.00132406,13.744452476501465,15,200,50,1000,0,0,0,0,0
mem0,1763621071.1588964,0,How does Melanie prioritize self-care?,"by carving out some me-time each day for activities like running, reading, or playing the violin","Based on the given memories, Melanie prioritizes self-care by being on a journey of self-care and carving out ""me-time"" each day for running, reading, and playing the violin. Additionally, she believes that self-care is important for looking after oneself and taking care of family.",0.021164021164021163,0.3675507605075836,0.1943573908358024,37389593076.42064,12590898843.184055,41800716288.00001,13648433971.199999,0.0,711004.6887415338,10310.022144438888,88049.87402732202,630,0.00186868,12.876471281051636,15,200,50,1000,0,0,0,0,0
mem0,1763621125.4920425,0,What are Caroline's plans for the summer?,researching adoption agencies,I don't know based on the given memories.,0.34285714285714286,0.011109422892332077,0.17698328287473747,58569533432.08421,18281349033.969536,41791803118.93333,13650522111.999996,0.0,316053.65165080724,43400.31910442583,394517.9651607768,549,0.00130618,13.549946546554565,15,200,50,1000,0,0,0,0,0
mem0,1763621179.7960584,0,What type of individuals does the adoption agency Caroline is considering support?,LGBTQ+ individuals,I don't know based on the given memories.,0.1694915254237288,0.025074847042560577,0.09728318623314469,25389850766.60965,31899533980.801918,41792699323.73333,13649196646.4,0.0,934871.0582740888,13272.975206341946,38518.928571428565,575,0.0013423200000000001,14.48962950706482,15,200,50,1000,0,0,0,0,0
mem0,1763621234.0628552,0,Why did Caroline choose the adoption agency?,because of their inclusivity and support for LGBTQ+ individuals,I don't know based on the given memories.,0.34615384615384615,0.04642552137374878,0.19628968376379746,4544589121.694573,28450784007.375477,41790046207.999985,13667069951.999996,0.0,228233.6184583919,0.0,0.0,564,0.00133887,12.99829912185669,15,200,50,1000,0,0,0,0,0
mem0,1763621289.0894063,0,What is Caroline excited about in the adoption process?,creating a family for kids who need one,"Caroline is excited about becoming a mom and sharing love and family, as well as providing a loving home for kids.",0.33986928104575165,0.3784538805484772,0.3591615807971144,3552067911.7737017,23555201054.438717,41725407231.99999,13669109759.999998,0.0,601235.5419654559,0.0,0.0,586,0.00149675,15.704887866973877,15,200,50,1000,0,0,0,0,0
mem0,1763621344.291042,0,What does Melanie think about Caroline's decision to adopt?,she thinks Caroline is doing something amazing and will be an awesome mom,"Melanie congratulated Caroline on her adoption journey on 2023-10-22 and wished her the best on 2023-08-23. She is also impressed with Caroline's kindness in taking in kids in need, as noted on 2023-05-25. This indicates that Melanie thinks positively about Caroline's decision to adopt.",0.05,0.6131125688552856,0.33155628442764284,3994433989.0691633,29486503884.764122,41783732633.6,13677259161.599998,0.0,605631.322764358,0.0,0.0,637,0.0019644399999999996,15.799363374710083,15,200,50,1000,0,0,0,0,0
mem0,1763621398.6187515,0,How long have Mel and her husband been married?,Mel and her husband have been married for 5 years.,I don't know based on the given memories.,0.3516483516483517,0.08520152419805527,0.21842493792320347,3687000547.204483,24662004400.461433,41803070122.666664,13676249088.0,0.0,394977.07182650105,0.0,0.0,322,0.0007453900000000001,12.284834146499634,15,200,50,1000,0,0,0,0,0
mem0,1763621452.7965946,0,What does Caroline's necklace symbolize?,"love, faith, and strength",I don't know based on the given memories.,0.18181818181818182,0.1409004181623459,0.16135929999026385,3914034423.305519,28358458130.076042,41799203498.666664,13678592273.06667,0.0,570605.5315334543,3000.0535752553756,0.0,589,0.00140372,11.537994146347046,15,200,50,1000,0,0,0,0,0
mem0,1763621506.9940045,0,What country is Caroline's grandma from?,Sweden,I don't know based on the given memories.,0.2127659574468085,0.10363901406526566,0.15820248575603707,3097167433.117657,25741948379.171623,41792075366.399994,13679132672.0,0.0,289695.25266134576,0.0,0.0,563,0.00133637,14.169095039367676,15,200,50,1000,0,0,0,0,0
mem0,1763621561.387585,0,What was grandma's gift to Caroline?,necklace,Grandma's gift to Caroline was a necklace.,0.32,0.6274598240852356,0.47372991204261783,7401780377.167025,22424652945.305588,41801340518.4,13674345267.2,0.0,105338.88282188677,5126.446635233605,0.0,591,0.00141387,13.00329041481018,15,200,50,1000,0,0,0,0,0
mem0,1763621615.757265,0,What is Melanie's hand-painted bowl a reminder of?,art and self-expression,I don't know based on the given memories.,0.3125,0.1125044971704483,0.21250224858522415,4389486366.164288,30660187697.270004,41788192085.33331,13676809147.733332,0.0,746072.8183418671,0.0,0.0,583,0.00136948,14.129325151443481,15,200,50,1000,0,0,0,0,0
mem0,1763621670.0505495,0,What did Melanie and her family do while camping?,"explored nature, roasted marshmallows, and went on a hike","Melanie and her family went camping in the mountains and explored the forest, hiked, enjoyed sharing stories around the campfire, and roasted marshmallows.",0.3490566037735849,0.6349127292633057,0.4919846665184453,8071587597.915157,23523799030.46824,41786427801.600006,13680446668.800001,0.0,544190.6944373577,10163.810450746481,0.0,601,0.0015942500000000002,13.645273447036743,15,200,50,1000,0,0,0,0,0
mem0,1763621724.4602683,0,What kind of counseling and mental health services is Caroline interested in pursuing?,"working with trans people, helping them accept themselves and supporting their mental health","Caroline is interested in counseling or working in mental health, specifically in supporting people with mental health issues and working with trans people to support their self-acceptance and mental health. She values support systems for mental health and has attended an LGBTQ+ counseling workshop.",0.05612244897959184,0.6021417379379272,0.32913209345875954,58492311679.01348,32727124119.714417,41785835520.0,13684965375.999998,0.0,153628.53120108618,38615.38905840213,147079.20244303165,633,0.00183868,14.49350380897522,15,200,50,1000,0,0,0,0,0
mem0,1763621778.7356079,0,What workshop did Caroline attend recently?,LGBTQ+ counseling workshop,I don't know based on the given memories.,0.26865671641791045,-0.00826770905405283,0.1301945036819288,56263251266.64985,22633134835.527065,41789482325.33333,13689754965.333332,0.0,438900.09405286436,25759.7189131519,0.0,573,0.00136618,12.493828296661377,15,200,50,1000,0,0,0,0,0
mem0,1763621833.0993989,0,What was discussed in the LGBTQ+ counseling workshop?,therapeutic methods and how to best work with trans people,I don't know based on the given memories.,0.20202020202020202,0.05256238579750061,0.1272912939088513,58715452324.771904,27206764811.53807,41866037930.666664,13689970961.066668,825213.5248747964,263366.01857706264,29568.66530183233,507601.1364231776,545,0.00125905,14.371082067489624,15,200,50,1000,0,0,0,0,0
mem0,1763621887.503378,0,What motivated Caroline to pursue counseling?,"her own journey and the support she received, and how counseling improved her life",I don't know based on the given memories.,0.24390243902439024,0.16246268153190613,0.20318256027814818,63635814465.64288,24966752087.280323,41835084185.6,13689538969.6,0.0,210653.9368639195,29848.113192237404,5829.039911177896,566,0.00134868,12.204898834228516,15,200,50,1000,0,0,0,0,0
mem0,1763621941.788295,0,What kind of place does Caroline want to create for people?,a safe and inviting place for people to grow,I don't know based on the given memories.,0.23529411764705882,-0.018740473315119743,0.10827682216596954,56997714728.214554,32132953857.42281,41797503112.53333,13690588364.8,0.0,610019.89387946,12792.552572775414,199782.38636015798,573,0.0013421300000000002,12.876625299453735,15,200,50,1000,0,0,0,0,0
mem0,1763621995.9715004,0,Did Melanie make the black and white bowl in the photo?,Yes,I don't know based on the given memories.,0.09090909090909091,0.16087447106838226,0.1258917809887366,68792246081.0314,23219140866.42008,41787191296.00001,13693791982.933334,0.0,197528.04172322643,26969.72481557439,194443.01600906055,552,0.0012896300000000002,13.81471586227417,15,200,50,1000,0,0,0,0,0
mem0,1763622050.2401688,0,What kind of books does Caroline have in her library?,"kids' books - classics, stories from different cultures, educational books","Caroline has a collection of kids' books that includes classics, stories from different cultures, and educational books.",0.7525773195876289,0.7664459943771362,0.7595116569823825,51118619027.76628,16249590768.056356,41782360746.66666,13694017262.933334,0.0,864709.0999149709,34608.29796358255,69954.28244874634,603,0.00151944,14.31709098815918,15,200,50,1000,0,0,0,0,0
mem0,1763622104.4611456,0,What was Melanie's favorite book from her childhood?,"""Charlotte's Web""",I don't know based on the given memories.,0.13793103448275862,0.053481414914131165,0.09570622469844489,76160117816.24261,27267257869.829945,41858145757.86667,13695268181.33333,0.0,333592.2546669828,44411.13093113949,395540.0507253477,561,0.00132175,13.728050470352173,15,200,50,1000,0,0,0,0,0
mem0,1763622158.7989237,0,What book did Caroline recommend to Melanie?,"""Becoming Nicole""",I don't know based on the given memories.,0.20689655172413793,0.12238705158233643,0.16464180165323716,61739879126.23512,34440544826.347565,41802465280.00001,13695590400.0,0.0,658291.3602279841,18258.447236901884,0.0,554,0.00131387,12.37744665145874,15,200,50,1000,0,0,0,0,0
mem0,1763622214.2144017,0,"What did Caroline take away from the book ""Becoming Nicole""?",Lessons on self-acceptance and finding support,I don't know based on the given memories.,0.3218390804597701,0.011253191158175468,0.1665461358089728,81961674680.32545,34100713857.34247,44412866048.0,14551165696.0,371360.76410905935,463113.7885198968,37561.66506232917,195680.1154056396,590,0.00137736,16.19757604598999,16,200,50,1000,0,0,0,0,0
mem0,1763622268.9588432,0,What are the new shoes that Melanie got used for?,Running,"Melanie uses her new shoes, which are pink sneakers, for running.",0.19444444444444445,0.36890313029289246,0.28167378736866844,3258906792.6886506,31531332953.16331,41750953984.0,13698662400.0,0.0,131660.904892876,7575.216451762965,0.0,573,0.00139194,15.557883262634277,15,200,50,1000,0,0,0,0,0
mem0,1763622323.0607946,0,What is Melanie's reason for getting into running?,To de-stress and clear her mind,I don't know based on the given memories.,0.19444444444444445,0.21052879095077515,0.20248661769760978,4103426319.0040503,27950731479.63529,41804787712.00001,13698326527.999998,0.0,667135.5932826764,0.0,0.0,584,0.00137925,13.393973350524902,15,200,50,1000,0,0,0,0,0
mem0,1763622377.3426173,0,What does Melanie say running has been great for?,Her mental health,Melanie says running is a preferred activity for destressing and clearing the mind.,0.1,0.3512682616710663,0.22563413083553313,3448043938.0287485,26447847224.163986,41811125862.4,13701158502.399996,0.0,631999.1172334893,0.0,0.0,596,0.0014617500000000002,13.298120021820068,15,200,50,1000,0,0,0,0,0
mem0,1763622431.6802843,0,What did Mel and her kids make during the pottery workshop?,pots,I don't know based on the given memories.,0.13333333333333333,0.1803208887577057,0.1568271110455195,5331250255.319684,29780934014.24494,41795797538.13334,13703156531.199999,0.0,855879.2863180558,7831.4917482393785,0.0,529,0.00121178,14.62006664276123,15,200,50,1000,0,0,0,0,0
mem0,1763622485.8101032,0,What kind of pot did Mel and her kids make with clay?,a cup with a dog face on it,I don't know based on the given memories.,0.35294117647058826,0.03275022655725479,0.19284570151392152,4098115322.4475293,26666138574.402058,41801307477.33333,13707129105.066668,0.0,118494.2499974488,0.0,0.0,339,0.0007542200000000001,14.429992198944092,15,200,50,1000,0,0,0,0,0
mem0,1763622539.8484232,0,What creative project do Mel and her kids do together besides pottery?,painting,I don't know based on the given memories.,0.16326530612244897,0.14292481541633606,0.1530950607693925,8281710043.164995,24878261582.12153,41824429124.26667,13704858828.800003,0.0,632009.4660011175,2633.759554253875,0.0,339,0.0007542200000000001,14.197485208511353,15,200,50,1000,0,0,0,0,0
mem0,1763622594.656908,0,What did Mel and her kids paint in their latest project in July 2023?,a sunset with a palm tree,I don't know based on the given memories.,0.3333333333333333,0.06950408220291138,0.20141870776812235,3730035423.19744,26592385294.5171,41823178751.99999,13702512639.999998,0.0,1413329.1288957035,0.0,0.0,339,0.00076384,15.780680894851685,15,200,50,1000,0,0,0,0,0
mem0,1763622648.8040278,0,What did Caroline see at the council meeting for adoption?,many people wanting to create loving homes for children in need,I don't know based on the given memories.,0.23076923076923078,0.028084279969334602,0.1294267553692827,3084453743.1529417,26305417768.727417,41784310442.66668,13702186325.333332,0.0,87785.22382231947,0.0,0.0,569,0.00133694,14.030227184295654,15,200,50,1000,0,0,0,0,0
mem0,1763622703.0632944,0,What do sunflowers represent according to Caroline?,warmth and happiness,Sunflowers represent warmth and happiness according to Caroline.,0.47619047619047616,0.45460498332977295,0.46539772976012456,3355412496.382979,28751645612.253376,41824365772.799995,13706237542.4,0.0,324757.10884218896,0.0,0.0,588,0.00140156,14.107607126235962,15,200,50,1000,0,0,0,0,0
mem0,1763622757.4587553,0,Why are flowers important to Melanie?,They remind her to appreciate the small moments and were a part of her wedding decor,"Flowers are important to Melanie because they represent growth, beauty, and the appreciation of small moments. Additionally, flowers remind her of her wedding day.",0.4939271255060729,0.5721878409385681,0.5330574832223205,4308454306.30789,25004079382.356216,41831690786.13333,13706525354.666666,0.0,78977.36199385846,0.0,0.0,580,0.00153368,12.795364379882812,15,200,50,1000,0,0,0,0,0
mem0,1763622811.7291555,0,What inspired Caroline's painting for the art show?,visiting an LGBTQ center and wanting to capture unity and strength,I don't know based on the given memories.,0.24299065420560748,0.01935473456978798,0.13117269438769774,6644079164.109834,27865982672.299442,41820402483.200005,13707144942.933334,0.0,320382.01675409434,7785.370740767197,0.0,589,0.0013917500000000002,14.06939959526062,15,200,50,1000,0,0,0,0,0
mem0,1763622865.8763332,0,How often does Melanie go to the beach with her kids?,once or twice a year,I don't know based on the given memories.,0.26229508196721313,0.11375356465578079,0.18802432331149696,3955659693.1081796,28850636318.132103,41819883929.600006,13707997730.133335,0.0,368679.50278614106,0.0,0.0,563,0.0013171300000000001,14.545574426651001,15,200,50,1000,0,0,0,0,0
mem0,1763622920.2313812,0,What did Melanie and her family see during their camping trip last year?,Perseid meteor shower,Melanie remembered a camping trip last year with a view of the Perseid meteor shower.,0.39622641509433965,0.6343451142311096,0.5152857646627247,29528938781.151073,22139080040.56082,41830476731.73334,13706483848.533333,0.0,289690.8622084929,21198.237682952848,0.0,590,0.0014641,14.033102750778198,15,200,50,1000,0,0,0,0,0
mem0,1763622974.4551845,0,How did Melanie feel while watching the meteor shower?,in awe of the universe,I don't know based on the given memories.,0.5396825396825397,0.18128371238708496,0.3604831260348123,4380692488.661376,29680516322.694107,41847750656.0,13712054135.466665,0.0,201892.46940207237,0.0,0.0,585,0.0013817500000000002,13.997629880905151,15,200,50,1000,0,0,0,0,0
mem0,1763623028.6965804,0,Whose birthday did Melanie celebrate recently?,Melanie's daughter,I don't know based on the given memories.,0.1694915254237288,0.2081824243068695,0.18883697486529916,4051096720.9929867,23570158046.40012,41867201194.66667,13714676394.666668,0.0,965506.4076989754,0.0,0.0,539,0.0012908,12.236545324325562,15,200,50,1000,0,0,0,0,0
mem0,1763623082.9006417,0,Who performed at the concert at Melanie's daughter's birthday?,Matt Patterson,I don't know based on the given memories.,0.21818181818181817,0.10436518490314484,0.1612735015424815,62462594572.41843,29030066969.93372,41852382958.93333,13717862263.466665,0.0,588087.0682050388,17096.019588133848,0.0,552,0.00129198,14.327267169952393,15,200,50,1000,0,0,0,0,0
mem0,1763623137.8273704,0,Why did Melanie choose to use colors and patterns in her pottery project?,She wanted to catch the eye and make people smile.,I don't know based on the given memories.,0.3956043956043956,0.21865509450435638,0.30712974505437596,71957197141.8767,27891684145.41316,41859705241.600006,13719560192.000002,0.0,210674.6294713663,14854.153153043733,0.0,573,0.0013325099999999999,15.544577598571777,15,200,50,1000,0,0,0,0,0
mem0,1763623192.2102947,0,What pet does Caroline have?,guinea pig,Caroline has a guinea pig named Oscar.,0.4166666666666667,0.5379068851470947,0.47728677590688073,3978206194.1303797,27116959938.60358,41852479078.40001,13719560191.999998,0.0,741746.0120503132,14438.227677614863,0.0,538,0.00128349,12.364028453826904,15,200,50,1000,0,0,0,0,0
mem0,1763623246.5617828,0,What pets does Melanie have?,Two cats and a dog,Melanie has a dog named Oscar and two cats named Bailey and Oliver.,0.32941176470588235,0.549103856086731,0.4392578103963066,65228864032.04262,26612723018.130066,41904612147.2,13718605824.0,0.0,491632.8819487571,33326.66484642599,0.0,554,0.00136849,12.212457418441772,15,200,50,1000,0,0,0,0,0
mem0,1763623300.8435416,0,Where did Oliver hide his bone once?,In Melanie's slipper,I don't know based on the given memories.,0.26229508196721313,0.1669205129146576,0.21460779744093536,10167850680.662472,28449916873.21789,41895122534.4,13723081932.8,0.0,1421897.1988600458,5122.709255278093,0.0,324,0.0007407700000000002,12.562490940093994,15,200,50,1000,0,0,0,0,0
mem0,1763623355.0420194,0,What activity did Caroline used to do with her dad?,Horseback riding,Caroline used to have horseback riding experiences with her dad when she was a kid.,0.32323232323232326,0.4845619797706604,0.40389715150149186,62928119219.70529,30645470043.867172,41825807018.666664,13725006506.666668,0.0,473979.8229385154,25432.336988126153,0.0,572,0.00140444,14.137147665023804,15,200,50,1000,0,0,0,0,0
mem0,1763623409.2618816,0,What did Caroline make for a local church?,a stained glass window,Caroline created a stained glass window for a local church.,0.5432098765432098,0.6652920246124268,0.6042509505778183,22130046205.485405,26994755611.806053,41855922449.06666,13727048226.133333,157999.85820767327,359872.88968608365,5172.155153939567,0.0,597,0.00144387,13.189132690429688,15,200,50,1000,0,0,0,0,0
mem0,1763623463.5454874,0,What did Caroline find in her neighborhood during her walk?,a rainbow sidewalk,I don't know based on the given memories.,0.2711864406779661,0.03143678978085518,0.15131161522941064,3753495827.8941402,28047799036.152332,41830817791.999985,13728727040.0,0.0,219431.70679418507,0.0,0.0,553,0.0012969400000000001,14.007587432861328,15,200,50,1000,0,0,0,0,0
mem0,1763623517.80824,0,Which song motivates Caroline to be courageous?,Brave by Sara Bareilles,The song 'Brave' by Sara Bareilles motivates Caroline to be courageous.,0.48936170212765956,0.7227577567100525,0.606059729418856,67800700507.501755,27037108189.762543,41858384964.26667,13729557708.8,0.0,1505438.9583402742,16462.4479256441,0.0,596,0.00146891,13.051175594329834,15,200,50,1000,0,0,0,0,0
mem0,1763623572.0392358,0,Which  classical musicians does Melanie enjoy listening to?,Bach and Mozart,Melanie enjoys listening to classical musicians like Bach and Mozart.,0.35714285714285715,0.5844266414642334,0.4707847493035453,4986101337.543346,26342762440.480675,41853394944.0,13729913241.599997,0.0,215035.6123689572,7831.678216760734,0.0,576,0.0013817500000000004,13.822785139083862,15,200,50,1000,0,0,0,0,0
mem0,1763623626.045575,0,Who is Melanie a fan of in terms of modern music?,Ed Sheeran,I don't know based on the given memories.,0.27450980392156865,0.0803435817360878,0.17742669282882823,3204578720.7105,25175742561.699223,41863775846.40001,13729666662.399998,0.0,579284.5347074143,0.0,0.0,521,0.00118451,14.174673795700073,15,200,50,1000,0,0,0,0,0
mem0,1763623680.250944,0,How long has Melanie been creating art?,7 years,I don't know based on the given memories.,0.16666666666666666,0.20306356251239777,0.1848651145895322,11815111488.886333,26931596343.849205,41851092172.80001,13736436531.199999,0.0,1000624.0682842337,5134.469094731256,0.0,561,0.00133137,12.724652290344238,15,200,50,1000,0,0,0,0,0
mem0,1763623734.3896189,0,What precautionary sign did Melanie see at the caf?,A sign stating that someone is not being able to leave,I don't know based on the given memories.,0.25263157894736843,0.014063658192753792,0.1333476185700611,4687876266.180311,18061926612.446384,41831178240.0,13739767125.333332,0.0,184362.0168132931,0.0,0.0,565,0.0013269400000000002,13.685872793197632,15,200,50,1000,0,0,0,0,0
mem0,1763623788.5239995,0,What advice does Caroline give for getting started with adoption?,"Do research, find an adoption agency or lawyer, gather necessary documents, and prepare emotionally.",I don't know based on the given memories.,0.3120567375886525,-0.009450241923332214,0.15130324783266014,56630164426.66429,25799287770.486233,41842248362.66666,13739229184.0,0.0,658379.7732418433,18484.783672561516,0.0,572,0.0013444400000000001,14.090154647827148,15,200,50,1000,0,0,0,0,0
mem0,1763623842.9401078,0,What setback did Melanie face in October 2023?,She got hurt and had to take a break from pottery.,I don't know based on the given memories.,0.1978021978021978,0.18720382452011108,0.19250301116115442,3568035331.471712,31208654722.286053,41893226905.6,13740664149.333334,0.0,693447.9003783484,0.0,0.0,587,0.0013819400000000001,14.903928756713867,15,200,50,1000,0,0,0,0,0
mem0,1763623897.3544233,0,What does Melanie do to keep herself busy during her pottery break?,Read a book and paint.,Melanie keeps herself busy with painting during her pottery break.,0.2727272727272727,0.2902759909629822,0.28150163184512744,3770509407.749943,29647758719.105877,41894389350.4,13739886182.4,0.0,579341.2842467132,0.0,0.0,561,0.0013298200000000002,15.326862096786499,15,200,50,1000,0,0,0,0,0
mem0,1763623954.750306,0,"What painting did Melanie show to Caroline on October 13, 2023?",A painting inspired by sunsets with a pink sky.,I don't know based on the given memories.,0.29545454545454547,0.05852355808019638,0.17698905176737093,22150005236.368637,35755289345.49642,47173936308.70588,15461150479.058823,0.0,413444.89705409564,12994.375020303713,0.0,602,0.0013953900000000003,17.802324533462524,17,200,50,1000,0,0,0,0,0
mem0,1763624011.167137,0,"What kind of painting did Caroline share with Melanie on October 13, 2023?",An abstract painting with blue streaks on a wall.,I don't know based on the given memories.,0.3111111111111111,0.04439712315797806,0.1777541171345446,17631890919.40594,34012759829.11245,46999919435.294106,15460478975.999998,0.0,731168.1010664697,5244.500020486328,140.2675334416802,611,0.00140827,17.155540466308594,17,200,50,1000,0,0,0,0,0
mem0,1763624065.37761,0,What was the poetry reading that Caroline attended about?,It was a transgender poetry reading where transgender people shared their stories.,I don't know based on the given memories.,0.3252032520325203,0.18816491961479187,0.2566840858236561,3666359562.200638,27209354279.385048,41907234679.46667,13748319573.33333,0.0,522240.00076128286,0.0,0.0,586,0.0013842500000000003,14.24490761756897,15,200,50,1000,0,0,0,0,0
mem0,1763624119.7042878,0,What did the posters at the poetry reading say?,"""Trans Lives Matter""",I don't know based on the given memories.,0.36065573770491804,0.14599931240081787,0.25332752505286793,8952606647.4838,28380176566.490494,41874678306.13333,13747523584.0,0.0,30722.194442460175,2584.470319308522,0.0,537,0.00123905,13.390325546264648,15,200,50,1000,0,0,0,0,0
mem0,1763624173.834393,0,What does Caroline's drawing symbolize for her?,Freedom and being true to herself.,"Caroline's drawing symbolizes freedom, being real, staying true to oneself, and embracing womanhood.",0.417910447761194,0.36642906069755554,0.3921697542293748,4566037577.885767,31100672820.00137,41739001856.0,13753217024.000002,0.0,307204.38888492034,0.0,0.0,606,0.0015191000000000002,13.601655006408691,15,200,50,1000,0,0,0,0,0
mem0,1763624228.8699443,0,How do Melanie and Caroline describe their journey through life together?,An ongoing adventure of learning and growing.,I don't know based on the given memories.,0.27906976744186046,0.12674902379512787,0.20290939561849416,2600157224.592053,24275279833.239285,41734277256.53333,13754026666.666666,0.0,434468.5726376676,0.0,0.0,558,0.00131425,15.745476245880127,15,200,50,1000,0,0,0,0,0
mem0,1763624283.066981,0,What happened to Melanie's son on their road trip?,He got into an accident,"Melanie's son was in an accident during their road trip, but he was okay.",0.375,0.48829901218414307,0.43164950609207153,5337209250.09447,30470852292.997368,41730598502.4,13756237141.333328,0.0,517870.24305039854,0.0,0.0,584,0.0014419400000000003,14.376958131790161,15,200,50,1000,0,0,0,0,0
mem0,1763624337.1254282,0,How did Melanie's son handle the accident?,He was scared but reassured by his family,I don't know based on the given memories.,0.0975609756097561,0.23081934452056885,0.16419016006516246,4310659770.195497,26142945279.517384,41865137356.799995,13754415513.6,0.0,803198.5538273894,0.0,0.0,583,0.00138156,13.209335327148438,15,200,50,1000,0,0,0,0,0
mem0,1763624391.2195518,0,How did Melanie feel about her family after the accident?,They are important and mean the world to her,Melanie felt that she valued her family more after the accident. She also felt that her family's love and support helped her through tough times.,0.24338624338624337,0.35362207889556885,0.2985041611409061,9595422207.276093,26300211020.74665,41950630707.20001,13756543249.066666,0.0,311627.1368302353,7816.956747987388,0.0,599,0.0015544400000000002,14.561217784881592,15,200,50,1000,0,0,0,0,0
mem0,1763624445.2835245,0,How did Melanie's children handle the accident?,They were scared but resilient,"Melanie's children were scared during the accident but were reassured and explained that their brother would be okay. Additionally, they are described as being tough.",0.2857142857142857,0.49894747138023376,0.39233087854725973,3761468559.539095,26953968979.285557,41884190310.4,13758402560.0,0.0,223835.95370761497,0.0,259064.07894483436,605,0.00160156,13.67244553565979,15,200,50,1000,0,0,0,0,0
mem0,1763624499.3835802,0,How did Melanie feel after the accident?,Grateful and thankful for her family,"Melanie felt scared during the accident and, after the accident, she valued her family more.",0.375,0.3465763330459595,0.36078816652297974,7894802142.857143,23831618571.42857,41880317405.86667,13757941896.533335,0.0,1035702.8571428575,2569.285714285714,793.9285714285714,569,0.0014263700000000002,13.116701364517212,15,200,50,1000,0,0,0,0,0
mem0,1763624553.704253,0,What was Melanie's reaction to her children enjoying the Grand Canyon?,She was happy and thankful,I don't know based on the given memories.,0.14925373134328357,0.1879214644432068,0.16858759789324518,4011064555.0559983,33221862867.574173,41882525696.00001,13762465792.0,0.0,254536.5165900843,0.0,0.0,584,0.00136482,14.640875101089478,15,200,50,1000,0,0,0,0,0
mem0,1763624607.939597,0,What do Melanie's family give her?,Strength and motivation,"Melanie's family gives her joy, love, and support, helping her through tough times.",0.20754716981132076,0.29093223810195923,0.24923970395664,3665802798.5814586,30007550075.66828,41881024921.6,13759390515.199999,0.0,890984.0988911851,0.0,0.0,567,0.00142137,13.198175191879272,15,200,50,1000,0,0,0,0,0
mem0,1763624662.2096584,0,How did Melanie feel about her family supporting her?,She appreciated them a lot,"Melanie felt appreciative and valued her family's support. On July 15, 2023, she noted that her family has been supportive and loving. On October 20, 2023, she expressed that her family's love and support helped her through tough times and that she values having them around during hard times.",0.06269592476489028,0.3586881756782532,0.21069205022157173,68252602698.91707,32353855122.31165,41834883754.66667,13752273305.600002,0.0,157982.92938259512,20026.42765312682,2533.134101046463,626,0.00188925,14.76709532737732,15,200,50,1000,0,0,0,0,0
mem0,1763624716.3421862,0,What did Melanie do after the road trip to relax?,Went on a nature walk or hike,Melanie relaxed after the road trip on 2023-10-20.,0.17721518987341772,0.254519522190094,0.21586735603175586,4434395165.232118,27923033455.78663,41832545484.8,13752909004.800003,0.0,614447.3415585412,0.0,5863.53774655099,571,0.00139444,13.624931812286377,15,200,50,1000,0,0,0,0,0
mem0,1763624770.4033222,0,What did Caroline realize after her charity race?,self-care is important,I don't know based on the given memories.,0.2857142857142857,0.10210184752941132,0.1939080666218485,10767930678.26743,24470172390.38369,41824361676.799995,13755337932.799997,0.0,201883.69122907484,11778.404844115525,0.0,556,0.00131406,13.423196077346802,15,200,50,1000,0,0,0,0,0
mem0,1763624824.495799,0,What are Melanie's plans for the summer with respect to adoption?,researching adoption agencies,I don't know based on the given memories.,0.34285714285714286,0.011109422892332077,0.17698328287473747,4331320263.342734,27753225351.195446,41820241920.0,13760177766.4,0.0,412528.53710007126,0.0,0.0,594,0.00139944,14.078433752059937,15,200,50,1000,0,0,0,0,0
mem0,1763624878.7696762,0,What type of individuals does the adoption agency Melanie is considering support?,LGBTQ+ individuals,I don't know based on the given memories.,0.1694915254237288,0.025074847042560577,0.09728318623314469,3206779655.4887924,26121041585.483643,41816454485.333336,13756989440.0,0.0,351111.73795561143,0.0,0.0,585,0.00136732,15.27685832977295,15,200,50,1000,0,0,0,0,0
mem0,1763624932.9003704,0,Why did Melanie choose the adoption agency?,because of their inclusivity and support for LGBTQ+ individuals,I don't know based on the given memories.,0.34615384615384615,0.04642552137374878,0.19628968376379746,3188461998.6721973,31010665229.90162,41816185514.666664,13777790566.400002,0.0,605717.5451887379,3004.446669660078,0.0,587,0.00139637,13.063190698623657,15,200,50,1000,0,0,0,0,0
mem0,1763624986.950662,0,What is Melanie excited about in her adoption process?,creating a family for kids who need one,I don't know based on the given memories.,0.25,0.04032793641090393,0.14516396820545197,71297917644.69775,29908430412.549263,41823832473.600006,13772829491.199999,1018357.70032391,105339.50971574972,16391.93766011682,0.0,585,0.0013817500000000002,13.409636974334717,15,200,50,1000,0,0,0,0,0
mem0,1763625041.0987434,0,What does Melanie's necklace symbolize?,"love, faith, and strength",I don't know based on the given memories.,0.18181818181818182,0.1409004181623459,0.16135929999026385,55700401786.309,25783487775.916214,41817459643.733345,13773857314.133331,0.0,544205.4297155833,14848.553416052895,0.0,544,0.00129122,13.694572448730469,15,200,50,1000,0,0,0,0,0
mem0,1763625095.3400497,0,What country is Melanie's grandma from?,Sweden,I don't know based on the given memories.,0.2127659574468085,0.10363901406526566,0.15820248575603707,4227463140.4561205,30286831980.211285,41816563165.86667,13777177258.666668,0.0,1180544.8407326702,0.0,0.0,540,0.00127887,12.305719137191772,15,200,50,1000,0,0,0,0,0
mem0,1763625149.5109806,0,What was grandma's gift to Melanie?,necklace,I don't know based on the given memories.,0.12244897959183673,0.1938854306936264,0.15816720514273158,20387563699.227283,28741425393.56472,41827594513.066666,13780105898.666666,0.0,772392.0211815919,5144.296021144368,717.9084220301451,543,0.00128637,12.415773391723633,15,200,50,1000,0,0,0,0,0
mem0,1763625203.7348382,0,What was grandpa's gift to Caroline?,necklace,I don't know based on the given memories.,0.12244897959183673,0.1938854306936264,0.15816720514273158,3179710579.7320623,32167827933.727894,41853157376.0,13781037055.999998,0.0,741761.6882971168,0.0,0.0,590,0.00139906,13.021636247634888,15,200,50,1000,0,0,0,0,0
mem0,1763625257.922179,0,What is Caroline's hand-painted bowl a reminder of?,art and self-expression,I don't know based on the given memories.,0.3125,0.1125044971704483,0.21250224858522415,2258751270.2295065,28097473995.415386,41821458432.00001,13781693781.333336,0.0,482802.4250602518,0.0,0.0,611,0.0014394800000000001,14.388474702835083,15,200,50,1000,0,0,0,0,0
mem0,1763625311.991082,0,What did Caroline and her family do while camping?,"explored nature, roasted marshmallows, and went on a hike",I don't know based on the given memories.,0.20408163265306123,0.17017599940299988,0.18712881602803055,3711881684.0530853,30760013574.201202,41754863479.46667,13782212334.933334,0.0,675930.9199172455,10364.337762537503,8761.25160737248,553,0.0013017500000000002,14.493974685668945,15,200,50,1000,0,0,0,0,0
mem0,1763625366.0194795,0,What kind of counseling and mental health services is Melanie interested in pursuing?,"working with trans people, helping them accept themselves and supporting their mental health",I don't know based on the given memories.,0.22556390977443608,0.06986755132675171,0.1477157305505939,2323226008.2339225,26276158138.301525,41714927206.4,13783882956.8,0.0,526642.6819175611,0.0,0.0,596,0.00139001,15.051650047302246,15,200,50,1000,0,0,0,0,0
mem0,1763625420.0349443,0,What kind of counseling workshop did Melanie attend recently?,LGBTQ+ counseling workshop,I don't know based on the given memories.,0.26865671641791045,-0.00826770905405283,0.1301945036819288,12015389282.071728,28836322032.24693,41681951948.8,13785232179.200003,0.0,26330.488230432522,5228.384707214791,0.0,593,0.00140175,13.170080184936523,15,200,50,1000,0,0,0,0,0
mem0,1763625474.0794423,0,What motivated Melanie to pursue counseling?,"her own journey and the support she received, and how counseling improved her life",I don't know based on the given memories.,0.24390243902439024,0.16246268153190613,0.20318256027814818,4919020864.09047,29447599721.373356,41822146559.99999,13787931989.333336,0.0,35113.58765537934,0.0,14875.714311013118,580,0.0013836800000000002,12.929603338241577,15,200,50,1000,0,0,0,0,0
mem0,1763625528.128982,0,What kind of place does Melanie want to create for people?,a safe and inviting place for people to grow,Melanie wants to create a loving and accepting environment for kids and values inclusivity and support.,0.2857142857142857,0.40112587809562683,0.34342008190495626,3475119121.3951354,26345552671.878075,41819615232.0,13789444778.666668,0.0,87783.96949683347,0.0,0.0,598,0.00147963,14.45519757270813,15,200,50,1000,0,0,0,0,0
mem0,1763625582.3129995,0,Did Caroline make the black and white bowl in the photo?,No,I don't know based on the given memories.,0.09302325581395349,0.12375830858945847,0.10839078220170598,2453753631.549061,31149474434.235157,41875028923.73333,13792885145.599998,0.0,122894.42241359549,0.0,0.0,577,0.0013521300000000002,14.1391019821167,15,200,50,1000,0,0,0,0,0
mem0,1763625636.4273937,0,What are the new shoes that Caroline got used for?,Running,I don't know based on the given memories.,0.08333333333333333,0.09355761855840683,0.08844547594587007,3912021100.9095826,26575414886.393536,41848412569.600006,13794848768.0,0.0,70222.15890478702,0.0,0.0,580,0.0013644400000000002,14.05743932723999,15,200,50,1000,0,0,0,0,0
mem0,1763625690.4318888,0,What is Caroline's reason for getting into running?,To de-stress and clear her mind,Caroline likes running to boost mood.,0.23529411764705882,0.31776437163352966,0.27652924464029427,9601451556.837397,27662447624.223885,41844482867.200005,13794250751.999998,0.0,17553.658820288347,5189.814656095993,0.0,567,0.0013292500000000001,13.336021423339844,15,200,50,1000,0,0,0,0,0
mem0,1763625744.5318027,0,What does Caroline say running has been great for?,Her mental health,Caroline says running has been great for boosting mood.,0.1388888888888889,0.3106533885002136,0.22477113869455126,3087335679.8679166,27964663659.53387,41740677393.06667,13796018312.533335,0.0,52673.203715412536,0.0,0.0,578,0.0013792500000000003,13.382097721099854,15,200,50,1000,0,0,0,0,0
mem0,1763625798.7854276,0,What did Melanie see at the council meeting for adoption?,many people wanting to create loving homes for children in need,I don't know based on the given memories.,0.23076923076923078,0.028084279969334602,0.1294267553692827,3119589258.36414,24286874571.025364,41846796287.99999,13797096106.666668,0.0,131676.8949893647,0.0,0.0,591,0.0013919400000000001,13.594294786453247,15,200,50,1000,0,0,0,0,0
mem0,1763625853.1580334,0,What inspired Melanie's painting for the art show?,visiting an LGBTQ center and wanting to capture unity and strength,I don't know based on the given memories.,0.24299065420560748,0.01935473456978798,0.13117269438769774,5522401465.954578,33159197895.608204,41778403464.53333,13803045137.06667,0.0,245781.31959108356,3043.2375582281893,0.0,585,0.0013817500000000002,13.553192615509033,15,200,50,1000,0,0,0,0,0
mem0,1763625907.3233633,0,What inspired Caroline's sculpture for the art show?,visiting an LGBTQ center and wanting to capture unity and strength,I don't know based on the given memories.,0.24299065420560748,0.01935473456978798,0.13117269438769774,4148768537.204882,29419827442.129265,41699917824.0,13805341081.6,0.0,157998.60352385973,0.0,0.0,593,0.00140175,13.431493043899536,15,200,50,1000,0,0,0,0,0
mem0,1763625961.3807259,0,How often does Caroline go to the beach with her kids?,once or twice a year,I don't know based on the given memories.,0.26229508196721313,0.11375356465578079,0.18802432331149696,7391610784.719629,30208079455.191566,41835983394.13334,13805026235.73333,0.0,52662.857142857145,7797.857142857143,0.0,568,0.0013296300000000003,14.331228017807007,15,200,50,1000,0,0,0,0,0
mem0,1763626016.198854,0,What did Caroline and her family see during their camping trip last year?,Perseid meteor shower,I don't know based on the given memories.,0.2903225806451613,0.07380504906177521,0.18206381485346826,4604686267.644551,30090528487.40214,41832282521.6,13807875686.399998,0.0,52669.12733678515,0.0,0.0,582,0.0013550099999999998,15.667083978652954,15,200,50,1000,0,0,0,0,0
mem0,1763626070.2675977,0,How did Caroline feel while watching the meteor shower?,in awe of the universe,I don't know based on the given memories.,0.5396825396825397,0.18128371238708496,0.3604831260348123,24211153233.001797,24996154772.931553,41841268326.4,13807120384.000002,0.0,35113.587744980425,23580.42806801768,0.0,578,0.0013642500000000002,13.929719686508179,15,200,50,1000,0,0,0,0,0
mem0,1763626124.7772846,0,Why did Caroline choose to use colors and patterns in her pottery project?,She wanted to catch the eye and make people smile.,I don't know based on the given memories.,0.3956043956043956,0.21865509450435638,0.30712974505437596,66613522607.15184,29655865672.473354,41828787541.333336,13804288955.733335,0.0,122893.16764020009,25879.005102465013,0.0,568,0.00132001,15.460402011871338,15,200,50,1000,0,0,0,0,0
mem0,1763626178.9536183,0,Is Oscar Melanie's pet?,No,I don't know based on the given memories.,0.09302325581395349,0.12375830858945847,0.10839078220170598,3621791932.22682,25299320072.45698,41830651221.33333,13804425215.999998,0.0,175554.14374271844,0.0,0.0,485,0.00114048,12.457242012023926,15,200,50,1000,0,0,0,0,0
mem0,1763626233.1945434,0,Where did Oscar hide his bone once?,In Melanie's slipper,I don't know based on the given memories.,0.26229508196721313,0.1669205129146576,0.21460779744093536,3116373087.2022095,28905672471.678535,41827368960.0,13810241536.000002,0.0,43886.96834239707,3712.606086582174,0.0,324,0.0007407700000000002,12.567223072052002,15,200,50,1000,0,0,0,0,0
mem0,1763626287.3581457,0,What activity did Melanie used to do with her dad?,Horseback riding,I don't know based on the given memories.,0.14035087719298245,0.09651026874780655,0.1184305729703945,74329484904.47408,27992036115.323875,41835509623.46667,13810316902.400002,0.0,144837.90716712427,16489.154893676445,0.0,574,0.0013494400000000001,14.672439813613892,15,200,50,1000,0,0,0,0,0
mem0,1763626341.418201,0,What did Melanie make for a local church?,a stained glass window,I don't know based on the given memories.,0.2222222222222222,0.09761586785316467,0.15991904503769344,7075931859.185198,36455662113.15776,41823490867.20001,13812162833.066668,0.0,171172.1559551313,7714.469400875573,0.0,564,0.00133887,13.041367053985596,15,200,50,1000,0,0,0,0,0
mem0,1763626400.637268,0,What did Melanie find in her neighborhood during her walk?,a rainbow sidewalk,I don't know based on the given memories.,0.2711864406779661,0.03143678978085518,0.15131161522941064,31214379372.744186,41801674015.194916,52278936845.47368,17267064616.42105,0.0,142689.58464855922,7608.234248249805,65108.623180353374,569,0.00133694,19.827481508255005,19,200,50,1000,0,0,0,0,0
mem0,1763626454.752656,0,Which song motivates Melanie to be courageous?,Brave by Sara Bareilles,I don't know based on the given memories.,0.28125,0.033904414623975754,0.15757720731198788,3327305400.8822255,36593553073.54564,41838536021.333336,13818775961.600002,0.0,105339.50881985415,0.0,161423.28173462392,573,0.00135891,13.011850118637085,15,200,50,1000,0,0,0,0,0
mem0,1763626508.890658,0,What type of instrument does Caroline play?,clarinet and violin,I don't know based on the given memories.,0.13333333333333333,0.0483967587351799,0.09086504603425662,51676397058.507645,25857182882.46257,41828108970.66666,13819525802.666668,0.0,0.0,18247.99281173156,0.0,546,0.0012938700000000001,12.457371711730957,15,200,50,1000,0,0,0,0,0
mem0,1763626562.85328,0,Which classical musicians does Caroline enjoy listening to?,Bach and Mozart,I don't know based on the given memories.,0.25,0.15567924082279205,0.20283962041139603,2486835982.8606434,27941494347.75174,41840607232.0,13821857792.000002,0.0,43886.968431978945,0.0,0.0,562,0.0013290600000000002,13.879031896591187,15,200,50,1000,0,0,0,0,0
mem0,1763626616.998808,0,Who is Caroline a fan of in terms of modern music?,Ed Sheeran,I don't know based on the given memories.,0.27450980392156865,0.0803435817360878,0.17742669282882823,81377695230.10284,26797214237.117855,41824934297.6,13819406472.533333,0.0,96562.99375262346,16489.940097762086,0.0,577,0.0013617500000000003,13.806894540786743,15,200,50,1000,0,0,0,0,0
mem0,1763626671.143423,0,What precautionary sign did Caroline see at the caf?,A sign stating that someone is not being able to leave,I don't know based on the given memories.,0.25263157894736843,0.014063658192753792,0.1333476185700611,9738724569.377876,42593910827.102516,41834625433.600006,13821710882.133335,0.0,114117.90636088734,7823.757717387976,0.0,566,0.0013294400000000003,12.316137075424194,15,200,50,1000,0,0,0,0,0
mem0,1763626725.1316862,0,What setback did Caroline face recently?,She got hurt and had to take a break from pottery.,I don't know based on the given memories.,0.1978021978021978,0.18720382452011108,0.19250301116115442,3957416160.5248275,27048040730.188717,41820821913.6,13823955490.133335,0.0,61445.643031204214,0.0,0.0,543,0.00129118,11.48296046257019,15,200,50,1000,0,0,0,0,0
mem0,1763626779.1742277,0,What does Caroline do to keep herself busy during her pottery break?,Read a book and paint.,I don't know based on the given memories.,0.2222222222222222,0.0984649509191513,0.16034358657068676,62481967296.26289,26288480301.449993,41824017339.73333,13823539882.666668,0.0,8778.396913844834,23799.445236317235,0.0,553,0.00128732,14.604868173599243,15,200,50,1000,0,0,0,0,0
mem0,1763626833.1811082,0,What was the poetry reading that Melanie attended about?,It was a transgender poetry reading where transgender people shared their stories.,I don't know based on the given memories.,0.3252032520325203,0.18816491961479187,0.2566840858236561,73498725678.29794,31207175633.98671,41825165312.0,13823803391.999998,0.0,65831.39298896448,21272.910447773593,0.0,578,0.0013642500000000002,13.644101858139038,15,200,50,1000,0,0,0,0,0
mem0,1763626887.3907013,0,What happened to Caroline's son on their road trip?,He got into an accident,I don't know based on the given memories.,0.28125,0.17744868993759155,0.22934934496879578,3689258572.875244,26132460281.320045,41820999406.93332,13824472405.333332,0.0,144835.0839941422,0.0,0.0,570,0.0013394400000000001,14.026517868041992,15,200,50,1000,0,0,0,0,0
mem0,1763626941.5287213,0,How did Caroline's son handle the accident?,He was scared but reassured by his family,I don't know based on the given memories.,0.0975609756097561,0.23081934452056885,0.16419016006516246,54439500395.37837,30760965986.98853,41816489164.799995,13827278711.466667,0.0,171175.91852841325,14898.923775167612,0.0,569,0.00134656,13.660266399383545,15,200,50,1000,0,0,0,0,0
mem0,1763626995.7325351,0,How did Caroline feel about her family after the accident?,They are important and mean the world to her,I don't know based on the given memories.,0.4,0.15083825588226318,0.2754191279411316,64996281566.80426,30376270152.26532,41815018973.86666,13826526685.866667,0.0,92169.40529089203,29830.54401382467,0.0,578,0.0013594400000000002,13.876708745956421,15,200,50,1000,0,0,0,0,0
mem0,1763627049.9207342,0,How did Caroline's children handle the accident?,They were scared but resilient,I don't know based on the given memories.,0.22535211267605634,0.2414979338645935,0.23342502327032494,8463660991.987484,27756438476.5543,41816792268.8,13829361390.93333,0.0,13167.59537076725,2588.9412773253316,0.0,571,0.0013515600000000001,13.303042650222778,15,200,50,1000,0,0,0,0,0
mem0,1763627104.1374953,0,How did Caroline feel after the accident?,Grateful and thankful for her family,I don't know based on the given memories.,0.3116883116883117,0.17456503212451935,0.24312667190641551,5533703580.28337,32853396484.95136,41815367680.0,13837275409.066664,0.0,35108.571518134115,0.0,0.0,560,0.0013288700000000002,12.552417039871216,15,200,50,1000,0,0,0,0,0
mem0,1763627158.2942846,0,What was Caroline's reaction to her children enjoying the Grand Canyon?,She was happy and thankful,I don't know based on the given memories.,0.14925373134328357,0.1879214644432068,0.16858759789324518,2282315611.3825912,27579358509.98567,41820980565.333336,13834159445.333334,0.0,87783.34323027411,0.0,0.0,585,0.00136732,14.370129346847534,15,200,50,1000,0,0,0,0,0
mem0,1763627214.7877057,0,What did Caroline do after the road trip to relax?,Went on a nature walk or hike,I don't know based on the given memories.,0.4,0.14111830294132233,0.2705591514706612,6959869050.559024,44186353287.38176,47047506763.29411,15567800681.411764,0.0,139279.77848240593,4513.735116331624,0.0,573,0.00134694,17.318750619888306,17,200,50,1000,0,0,0,0,0
mem0,1763627271.6058204,0,What does Caroline love most about camping with her family?,Being present and bonding with her family,I don't know based on the given memories.,0.1951219512195122,0.2143644094467163,0.20474318033311426,25708140469.731426,43603821794.68288,47060878757.64705,15571412630.588234,0.0,113165.60214233366,7765.235387877644,70.125,567,0.00133194,17.5339834690094,17,200,50,1000,0,0,0,0,0
