memory,time,conversation_index,question,answer_actual,answer_received,similarity_string,similarity_semantic,similarity,cpu_edge_ns,cpu_cloud_ns,ram_edge_bytes,ram_cloud_bytes,disk_edge_bytes,disk_cloud_bytes,network_edge_bytes,network_cloud_bytes,openai_tokens,openai_cost_usd,api_latency_s,metric_window_s,toxic_latency,toxic_bandwidth,toxic_slow_close,toxic_timeout,toxic_slicer,toxic_limit_data,toxic_reset_peer
mem0,1763042508.477083,0,When did Caroline go to the LGBTQ support group?,7 May 2023,"Caroline went to an LGBTQ support group on May 7, 2023, and July 16, 2023, as noted in the memories from May 8, 2023, and July 17, 2023.",0.1232876712328767,0.47275927662849426,0.2980234739306855,53121770388.020584,5572695322.858457,44954939392.0,15912599552.0,0.0,21943.17067941851,12868.041008780092,6089.937874897643,2359,0.006116749999999999,7.500088691711426,15,0,0,0,0,0,0,0
mem0,1763042525.559264,0,When did Melanie paint a sunrise?,2022,Melanie painted a lake sunrise last year.,0.0,0.06990119814872742,0.03495059907436371,345677105348.0715,5406909481.428279,45104831692.8,15922233344.0,0.0,35109.19845691282,211672.58924604277,907159.2898606486,1204,0.0029436799999999997,7.40381932258606,15,0,0,0,0,0,0,0
mem0,1763042542.6375966,0,What fields would Caroline be likely to pursue in her educaton?,"Psychology, counseling certification","Based on the given memories, Caroline would be likely to pursue education in fields related to counseling and mental health, advocacy, and possibly subjects that involve supporting LGBTQ rights and working with trans people. She has also expressed an interest in adoption and providing a loving home for kids, which could relate to social work or similar areas. Additionally, Caroline has shown interest in art forms, music, and creating a safe, inviting place for people to grow. However, the specific educational fields she might pursue are not explicitly mentioned.",0.013245033112582781,0.35635894536972046,0.18480198924115163,291172076712.634,4921485775.528894,45154576247.46667,15939798357.333332,0.0,118491.4287057726,142396.121315669,711139.2551435804,763,0.00250982,11.254460096359253,15,0,0,0,0,0,0,0
mem0,1763042559.6858103,0,What did Caroline research?,Adoption agencies,I don't know based on the given memories.,0.41379310344827586,0.04528512433171272,0.2295391138899943,520253301634.48737,7327947881.958958,45175356347.73333,15956348108.800001,0.0,52660.976460865044,170084.04892878345,1391503.1486007413,627,0.0015107999999999999,5.909857511520386,15,0,0,0,0,0,0,0
mem0,1763042576.7262418,0,What is Caroline's identity?,Transgender woman,I don't know based on the given memories.,0.27586206896551724,0.14843809604644775,0.2121500825059825,354083863124.2711,5934992284.131567,45178424797.86666,15963506824.533333,0.0,114101.60344442508,149445.978860384,933961.6150225063,557,0.0013406100000000001,4.401464462280273,15,0,0,0,0,0,0,0
mem0,1763042593.7631724,0,When did Melanie run a charity race?,The sunday before 25 May 2023,"Melanie ran a charity race for mental health last Saturday as of the memory dated 2023-05-25. Therefore, the race took place on 2023-05-20.",0.23809523809523808,0.288408100605011,0.26325166935012456,188742716214.52203,3615253747.882182,45188797781.33333,15977783295.999998,0.0,0.0,161723.04016236795,716716.438613617,986,0.00261887,5.798334360122681,15,0,0,0,0,0,0,0
mem0,1763042610.812108,0,When is Melanie planning on going camping?,June 2023,I don't know based on the given memories.,0.12,0.12206923961639404,0.12103461980819702,328880209582.88763,4418760997.198463,45197541375.99999,15979987490.133331,0.0,171156.1669336539,92081.08708999278,927712.6030205309,1425,0.0034913699999999993,5.596500635147095,15,0,0,0,0,0,0,0
mem0,1763042627.8581693,0,What is Caroline's relationship status?,Single,I don't know based on the given memories.,0.1702127659574468,0.021630242466926575,0.09592150421218669,353629134884.3286,5056735850.921448,45211831500.80001,15982867524.266668,0.0,35109.82539569153,199052.83659357863,1002100.5753706535,713,0.00171618,5.320073366165161,15,0,0,0,0,0,0,0
mem0,1763042644.906956,0,When did Caroline give a speech at a school?,The week before 9 June 2023,"Caroline gave a speech at a school event last week before June 9, 2023.",0.5102040816326531,0.4631613790988922,0.48668273036577264,259901822136.48993,4765749833.265684,45262322346.666664,15992280405.33333,0.0,78993.03201585365,115938.92684217564,1190088.3003210684,649,0.0016242500000000003,6.617140531539917,15,0,0,0,0,0,0,0
mem0,1763042661.9529407,0,"When did Caroline meet up with her friends, family, and mentors?",The week before 9 June 2023,"Caroline met up with her friends, family, and mentors last week from the memory dated 2023-06-09.",0.2903225806451613,0.3074176609516144,0.2988701207983878,333467101951.39,4104792084.1030774,45277575577.6,16011170611.200005,0.0,140431.7783174216,128708.27447776271,574256.3819353622,2264,0.00568751,7.472229719161987,15,0,0,0,0,0,0,0
mem0,1763042678.995423,0,How long has Caroline had her current group of friends for?,4 years,Caroline has known her friends for 4 years since moving from her home country.,0.16470588235294117,0.27179813385009766,0.2182520081015194,398445794269.3323,5005409143.014835,45274300416.0,16013324288.000002,0.0,87771.42875055394,245401.849150762,1053550.7224770426,1112,0.0027496300000000003,9.069582223892212,15,0,0,0,0,0,0,0
mem0,1763042696.0423543,0,Where did Caroline move from 4 years ago?,Sweden,I don't know based on the given memories.,0.2127659574468085,0.10363908857107162,0.15820252300894005,458855794845.83594,4839257227.4689245,45285428428.8,16021050982.399994,0.0,17554.912697845764,165830.5225630548,917743.9762111009,581,0.0013717500000000001,6.877206802368164,15,0,0,0,0,0,0,0
mem0,1763042713.087156,0,How long ago was Caroline's 18th birthday?,10 years ago,"Caroline's 18th birthday was ten years ago from the date mentioned in the memory, which is [2023-06-27]. Therefore, her 18th birthday was in 2013. Consequently, as of June 2023, Caroline's 18th birthday was ten years ago.",0.08583690987124463,0.3315723240375519,0.20870461695439826,164263956890.41885,4496893613.968424,45314616524.799995,16029064942.933332,0.0,96548.57160769678,97306.88488818565,770625.0638328446,422,0.00136694,7.341116666793823,15,0,0,0,0,0,0,0
mem0,1763042730.1285548,0,What career path has Caroline decided to persue?,counseling or mental health for Transgender people,I don't know based on the given memories.,0.26373626373626374,0.047355104237794876,0.1555456839870293,393532080975.20624,4747328256.055351,45336233847.466644,16040176571.733332,0.0,92160.94060968411,141680.83643355744,1013233.1799129571,1396,0.00340925,5.957785367965698,15,0,0,0,0,0,0,0
mem0,1763042747.179101,0,Would Caroline still want to pursue counseling as a career if she hadn't received support growing up?,Likely no,I don't know based on the given memories.,0.16,0.10835635662078857,0.1341781783103943,400123814450.1784,5273471757.601498,45354780808.53334,16042382131.199999,0.0,78993.3455076337,237719.93528250515,1014373.6902639293,1952,0.0047535,7.783831834793091,15,0,0,0,0,0,0,0
mem0,1763042764.226867,0,What activities does Melanie partake in?,"pottery, camping, painting, swimming","Based on the given memories, Melanie partakes in the following activities:

1. Running
2. Reading
3. Playing violin
4. Painting
5. Biking
6. Camping
7. Pottery
8. Visiting caf√©s
9. Volunteering at a homeless shelter
10. Playing games
11. Listening to live music
12. Using the clarinet for self-expression and relaxation

This information is gathered directly from the given memories.",0.00477326968973747,0.4491945207118988,0.22698389520081813,380372973503.45105,4612270995.041988,45323155865.6,16050897169.066666,0.0,96547.94462413673,242737.60962993855,882696.5225339873,2040,0.0056687199999999995,7.602989912033081,15,0,0,0,0,0,0,0
mem0,1763042781.2745595,0,When did Melanie sign up for a pottery class?,2 July 2023,"Melanie signed up for a pottery class on July 2, 2023.",0.3076923076923077,0.42487701773643494,0.3662846627143713,332880211051.3483,4981771989.369479,45350733414.40001,16066931097.6,0.0,17553.658820288343,92223.78358120372,1013311.4969742876,1701,0.00423175,6.360676050186157,15,0,0,0,0,0,0,0
mem0,1763042798.3232195,0,When is Caroline going to the transgender conference?,July 2023,I don't know based on the given memories.,0.04,0.1155754029750824,0.0777877014875412,379269504890.9664,5375829136.972782,45379809280.00001,16067760128.000002,0.0,184321.88135371223,212043.42833996282,1016866.741424014,2311,0.00571118,6.075438976287842,15,0,0,0,0,0,0,0
mem0,1763042815.378428,0,Where has Melanie camped?,"beach, mountains, forest",Melanie has camped in the mountains with her family and at the beach.,0.3655913978494624,0.37316980957984924,0.3693806037146558,287605610972.8757,5026751423.852169,45414379519.99999,16071675084.8,0.0,17554.285714285714,214007.0397955261,1034571.2920580897,1280,0.00319099,6.039941310882568,15,0,0,0,0,0,0,0
mem0,1763042832.4305215,0,What do Melanie's kids like?,"dinosaurs, nature","Melanie's kids love nature, enjoyed making something with clay, had a blast at the beach, and were excited about their creativity and imagination coming to life. They also liked exploring the forest and hiking, enjoyed learning about nature, going to a pottery workshop, and were stoked for the dinosaur exhibit. They have enjoyed telling stories around the campfire and took delight in roasting marshmallows.",0.0,0.36189937591552734,0.18094968795776367,243463042578.25674,4446625637.640748,45412096955.73333,16085393134.933332,0.0,96549.82566437958,250444.86412632588,867029.0736761871,2228,0.00602868,9.028748035430908,15,0,0,0,0,0,0,0
mem0,1763042849.4824922,0,When did Melanie go to the museum?,5 July 2023,I don't know based on the given memories.,0.07692307692307693,0.04824667423963547,0.0625848755813562,380161429081.4061,5959448144.2587185,45426547097.6,16086349141.333332,0.0,78995.2261896258,137036.12057619193,1105488.3684166733,1045,0.00254137,5.914596319198608,15,0,0,0,0,0,0,0
mem0,1763042866.529084,0,When did Caroline have a picnic?,The week before 6 July 2023,Caroline had a picnic last week with friends and family on 2023-07-06.,0.32989690721649484,0.4757457971572876,0.4028213521868912,321502362620.37036,4701130139.238939,45465067793.066666,16093443140.266666,0.0,92161.88108502419,155993.73014209082,1000277.6789693958,632,0.0015961800000000002,6.1189658641815186,15,0,0,0,0,0,0,0
mem0,1763042883.5724025,0,Would Caroline likely have Dr. Seuss books on her bookshelf?,"Yes, since she collects classic children's books",I don't know based on the given memories.,0.24719101123595505,0.20221132040023804,0.22470116581809654,226037082310.71677,4612884917.111482,45448380416.0,16104823466.666666,0.0,43885.40088349694,153545.33208460262,680405.8556369193,1067,0.00260118,5.946616172790527,15,0,0,0,0,0,0,0
mem0,1763042900.6231518,0,What books has Melanie read?,"""Nothing is Impossible"", ""Charlotte's Web""",Melanie has read 'Charlotte's Web' and is currently reading a book recommended by Caroline.,0.3157894736842105,0.50118488073349,0.40848717720885025,351767548477.39294,5221832711.931848,45315051519.99999,16109350638.933336,0.0,13165.714330495626,159518.7460996583,997798.2150690982,899,0.00226099,6.061045408248901,15,0,0,0,0,0,0,0
mem0,1763042917.667795,0,What does Melanie do to destress?,"Running, pottery","Melanie destresses by using painting to relax after a long day, finds pottery relaxing and creative, uses the clarinet as a form of self-expression and relaxation, finds art to be a sanctuary and a source of comfort, and feels refreshed by nature experiences.",0.0,0.3910400867462158,0.1955200433731079,341459895176.3698,5466101696.57402,45352326485.33332,16111426764.800001,0.0,184314.35822271177,150231.59927907703,980337.6990105439,2094,0.005486369999999999,7.057957172393799,15,0,0,0,0,0,0,0
mem0,1763042934.7047155,0,When did Caroline go to the LGBTQ conference?,10 July 2023,I don't know based on the given memories.,0.07547169811320754,0.07998570799827576,0.07772870305574164,263528594549.08084,4788284789.309142,45394871910.4,16118980334.933334,0.0,4388.257981572745,153972.17972195536,864657.092601299,1693,0.004156559999999999,7.107154130935669,15,0,0,0,0,0,0,0
mem0,1763042951.7481728,0,"When did Melanie read the book ""nothing is impossible""?",2022,I don't know based on the given memories.,0.0,0.16552746295928955,0.08276373147964478,302958453401.70264,5007613440.392833,45388333875.200005,16129386086.400003,0.0,52662.85723241982,178567.3229922804,1008819.7628761613,666,0.00157944,5.810982704162598,15,0,0,0,0,0,0,0
mem0,1763042968.788778,0,Would Caroline pursue writing as a career option?,"LIkely no; though she likes reading, she wants to be a counselor",I don't know based on the given memories.,0.22857142857142856,0.11918686330318451,0.17387914593730652,420800299439.3441,5675255966.131523,45385715711.99999,16130113536.000002,0.0,65826.69074657933,174832.5726012413,1029270.8196345688,1920,0.00473368,6.327270269393921,15,0,0,0,0,0,0,0
mem0,1763042985.8296714,0,When did Caroline go to the adoption meeting?,The friday before 15 July 2023,Caroline attended an adoption advice/assistance group on 2023-08-23.,0.2653061224489796,0.13801798224449158,0.2016620523467356,312747022039.16406,5222654033.471715,45428793344.0,16132324556.799997,0.0,105327.59523639445,194356.85732077115,1012101.0445365615,1064,0.0026590600000000004,7.282214164733887,15,0,0,0,0,0,0,0
mem0,1763043002.8793666,0,When did Melanie go to the pottery workshop?,The Friday before 15 July 2023,"Melanie went to the pottery workshop last Friday, which was mentioned on the date [2023-07-15]. If we assume ""last Friday"" refers to the Friday before July 15th, then the pottery workshop likely occurred on July 14th, 2023.",0.09486166007905138,0.4037405252456665,0.24930109266235895,275875051350.50336,4979779283.84949,45403626154.666664,16152761412.266666,0.0,78994.28589341107,216291.95000113602,830193.7425489547,1727,0.004601559999999999,7.5484092235565186,15,0,0,0,0,0,0,0
mem0,1763043019.917518,0,Would Melanie be considered a member of the LGBTQ community?,"Likely no, she does not refer to herself as part of it",I don't know based on the given memories.,0.25263157894736843,0.1675049215555191,0.21006825025144377,386657616179.75665,5645766589.51193,45410322568.533325,16148658858.666668,0.0,35108.57151813411,102664.42538738775,1020911.0250920348,1013,0.00245656,5.820864677429199,15,0,0,0,0,0,0,0
mem0,1763043036.9672666,0,When did Melanie go camping in June?,The week before 27 June 2023,"Melanie went camping in the mountains with family last week from June 27, which would place the camping trip around June 20, 2023.",0.31645569620253167,0.439339816570282,0.3778977563864068,368487510849.08563,5640408053.723735,45445947938.13333,16149960294.4,0.0,228204.46103509562,172442.82641569042,919505.8290853284,1444,0.0037038699999999997,6.549614906311035,15,0,0,0,0,0,0,0
mem0,1763043054.007006,0,What LGBTQ+ events has Caroline participated in?,"Pride parade, school speech, support group","Based on the given memories, Caroline has participated in the following LGBTQ+ events:

1. Attended an LGBT pride event in June 2023.
2. Joined a new LGBTQ activist group called 'Connected LGBTQ Activists' in July 2023.
3. Attended a pride parade in July 2023.
4. Went to an LGBTQ support group in May and July 2023.
5. Attended an LGBTQ+ counseling workshop in June and July 2023.
6. Joined a mentorship program for LGBTQ youth in July 2023.
7. Attended a celebration of love and acceptance in August 2023.
8. Attended a Pride fest last year, mentioned in August 2023 memories.",0.01935483870967742,0.5259939432144165,0.272674390962047,241489873548.51385,4697456406.191499,45423353856.00001,16149012479.999998,0.0,0.0,129021.50276859006,710479.9442264739,2427,0.007019059999999999,9.555219888687134,15,0,0,0,0,0,0,0
mem0,1763043071.0495355,0,When did Caroline go to a pride parade during the summer?,The week before 3 July 2023,"Caroline attended a pride parade a few weeks before July 15, 2023, and the city held a pride parade the weekend before July 20, 2023. Therefore, it is likely that Caroline went to a pride parade on the weekend of July 15, 2023.",0.13385826771653545,0.37933576107025146,0.25659701439339344,358320856406.55853,5391509586.754043,45492352887.46667,16163882871.466665,0.0,114101.60335486238,238253.34786263367,1150052.614559073,1323,0.00359963,7.978224277496338,15,0,0,0,0,0,0,0
mem0,1763043088.092443,0,What events has Caroline participated in to help children?,"Mentoring program, school speech","Caroline has participated in several events to help children:

1. She planned a talent show for kids (2023-08-28).
2. She looks forward to seeing kids have fun and feel proud of their talents (2023-08-28).
3. She volunteered at a youth center (2023-08-28).
4. She has been creating a library for when she has kids, including a collection of kids' books (2023-07-06).
5. She looks forward to reading to children and opening up their minds (2023-07-06).

These events and activities reflect her commitment to supporting and engaging with children.",0.006932409012131715,0.349756121635437,0.17834426532378436,413100746382.6297,5647454210.138354,45539973256.53333,16169872315.73333,0.0,52663.79761819722,218212.55736818357,1105143.0394269961,1916,0.005639249999999999,9.267098665237427,15,0,0,0,0,0,0,0
mem0,1763043105.139649,0,When did Melanie go camping in July?,two weekends before 17 July 2023,"Melanie went camping in July two weekends before July 17, which would be around the weekend of July 1-2.",0.4264705882352941,0.48319095373153687,0.4548307709834155,321059340749.6903,6403592442.90023,45565782425.600006,16171748556.800003,0.0,105325.71455440234,191281.09076908717,1270515.1497019795,1243,0.0031638699999999996,6.437427520751953,15,0,0,0,0,0,0,0
mem0,1763043122.1901262,0,When did Caroline join a mentorship program?,The weekend before 17 July 2023,"Caroline joined a mentorship program for LGBTQ youth last weekend, as mentioned in the memory from 2023-07-17.",0.28368794326241137,0.22837549448013306,0.2560317188712722,274399248405.96048,3824714267.3950706,45614676650.66667,16182507929.599998,0.0,78996.16666496587,142456.67966227356,571212.6259445159,2040,0.005153909999999999,6.1505043506622314,15,0,0,0,0,0,0,0
mem0,1763043139.239727,0,What did Melanie paint recently?,sunset,"Melanie recently painted an abstract painting on October 13, 2023.",0.08333333333333333,0.16684329509735107,0.1250883142153422,367935952151.50006,5914704862.899178,45629604386.13334,16180891647.999998,0.0,35107.94453457406,224529.39706808183,1065538.6095195739,1888,0.00471099,5.843642950057983,15,0,0,0,0,0,0,0
mem0,1763043156.2921503,0,What activities has Melanie done with her family?,"Pottery, painting, camping, museum, swimming, hiking","Based on the given memories, Melanie has done the following activities with her family:

1. Camping trips, including at the beach and in the mountains.
2. Volunteering at a homeless shelter.
3. Exploring nature and hiking.
4. Enjoying a concert to celebrate a daughter's birthday.
5. Pottery workshops with the kids.
6. Painting and art projects.
7. Going to the park.
8. Roasting marshmallows and sharing stories around a campfire.
9. Visiting the Grand Canyon.",0.019455252918287938,0.4566880464553833,0.2380716496868356,342456809977.9257,5550873385.295346,45632852514.13334,16181500859.733332,0.0,39497.142857142855,235272.7830459836,1134233.242584335,2259,0.006284059999999999,7.26995325088501,15,0,0,0,0,0,0,0
mem0,1763043173.3429604,0,In what ways is Caroline participating in the LGBTQ community?,"Joining activist group, going to pride parades, participating in an art show, mentoring program","Caroline is participating in the LGBTQ community in several ways based on the provided memories:

1. Caroline joined an LGBTQ activist group called 'Connected LGBTQ Activists' and a mentorship program for LGBTQ youth.
2. She attended various LGBTQ events, including pride events, LGBTQ support groups, and LGBTQ+ counseling workshops.
3. Caroline uses art to express her trans experience and share her personal story, helping to spread understanding of the trans community and supporting LGBTQ rights through this medium.
4. She is passionate about creating safe spaces for LGBTQ+ individuals and supports their mental health and self-acceptance.
5. Caroline mentors a transgender teen and supports spreading understanding and acceptance within the LGBTQ community.
6. She is actively involved in and supports events that feature LGBTQ artists and has planned to have an LGBTQ art show.
7. Caroline values and expresses the importance of fighting for trans rights and spreading awareness, and she encourages students and others to get involved in the LGBTQ community.
8. She appreciates and supports a community that is inclusive and celebrates love and acceptance.",0.01904761904761905,0.5312598943710327,0.2751537567093259,251594848679.8565,5019735328.594063,45662694058.666664,16195997696.0,0.0,131655.2623094948,263277.6211783862,740002.9356475223,2504,0.00766694,10.92335057258606,15,0,0,0,0,0,0,0
mem0,1763043190.3851917,0,How many times has Melanie gone to the beach in 2023?,2,I don't know based on the given memories.,0.0,0.11177125573158264,0.05588562786579132,382306029313.13965,5466273335.136184,45679957333.333336,16196961894.400003,0.0,92162.82142602024,142035.85016276676,1036035.2374149172,855,0.00203751,6.525957822799683,15,0,0,0,0,0,0,0
mem0,1763043207.4328883,0,When did Caroline join a new activist group?,The Tuesday before 20 July 2023,Caroline joined a new LGBTQ activist group last Tuesday [2023-07-20].,0.28,0.1972900629043579,0.23864503145217897,479643497043.36414,6052102574.357718,45686771438.93333,16198770688.0,0.0,78994.28584862975,171955.88925380554,1030455.2972652677,2032,0.005071559999999999,6.571322679519653,15,0,0,0,0,0,0,0
mem0,1763043224.4758105,0,Would Melanie be more interested in going to a national park or a theme park?,National park; she likes the outdoors,I don't know based on the given memories.,0.3333333333333333,0.04520468786358833,0.18926901059846082,279238254393.4059,5374316382.192395,45716016332.8,16202959530.666664,0.0,96549.19868081952,177369.11538740984,934512.1214551055,1085,0.0026235900000000003,5.884362459182739,15,0,0,0,0,0,0,0
mem0,1763043241.5249374,0,What kind of art does Caroline make?,abstract art,"Caroline makes paintings, pottery, and stained glass windows. She enjoys creating paintings for self-expression, including painting animals, sunsets, and scenic views. She has made a painting to show her personal journey as a trans woman and also created a stained glass window for a local church. Despite an interest in pottery, Caroline has not yet pursued it.",0.0,0.2898082137107849,0.14490410685539246,319934754605.4136,5816647481.348057,45762265907.2,16226525184.0,0.0,17554.912697845764,166379.59077680914,1728160.9351343778,1545,0.0042413699999999995,6.474782466888428,15,0,0,0,0,0,0,0
mem0,1763043258.5724845,0,When is Melanie's daughter's birthday?,13 August,I don't know based on the given memories.,0.16,0.15155886113643646,0.15577943056821825,371325243678.4449,5746239133.032567,45765775360.0,16230088703.999996,0.0,245760.00071650144,198437.35786665193,1068979.9539657868,958,0.0023262199999999995,7.337716102600098,15,0,0,0,0,0,0,0
mem0,1763043275.6291394,0,When did Caroline attend a pride parade in August?,The Friday before 14 August 2023,I don't know based on the given memories.,0.2191780821917808,0.05569879710674286,0.13743843964926183,396834206645.5913,5826490727.871266,45819197030.40001,16232507801.599998,0.0,17554.285714285714,146468.5717477041,962091.4306967929,1264,0.0030792499999999995,6.479285717010498,15,0,0,0,0,0,0,0
mem0,1763043292.6735294,0,Would Melanie be considered an ally to the transgender community?,"Yes, she is supportive","Based on the given memories, Melanie would likely be considered an ally to the transgender community. Melanie has expressed support for the LGBTQ community [2023-06-09], attended a parade supporting the LGBTQ+ community [2023-07-03], and has mentioned Caroline's transition [2023-07-06] and [2023-08-14]. Additionally, Melanie has shown appreciation and support for Caroline, who seems to be a significant person in Melanie's life.",0.017660044150110375,0.3974267244338989,0.20754338429200464,315787513141.38043,5324872616.0224085,45839004194.13333,16250021751.466667,0.0,96548.57169725947,202785.32630391198,842269.323120033,1443,0.004203299999999999,9.28435468673706,15,0,0,0,0,0,0,0
mem0,1763043309.715158,0,Who supports Caroline when she has a negative experience?,"Her mentors, family, and friends","Caroline receives support from friends, family, and mentors during negative experiences, as mentioned in the memories from [2023-06-09] where ""Friends, family, and mentors are my rocks"" and [2023-08-17] when Caroline had a not-so-great experience on a hike involving religious conservatives, which implies that her network offers support during difficult times.",0.07633587786259542,0.5259436368942261,0.30113975737841076,493334291569.3525,6360618920.200607,45873928874.66668,16243118080.0,0.0,78990.52435030151,117501.88881787407,1039448.8845321881,2359,0.00632675,10.787959575653076,15,0,0,0,0,0,0,0
mem0,1763043326.7630756,0,What types of pottery have Melanie and her kids made?,"bowls, cup",Melanie and her kids have made pots and a bowl.,0.14035087719298245,0.451335072517395,0.29584297485518873,391753616703.44995,5552401883.514871,45851164672.0,16246666035.199997,0.0,92161.88108502419,252052.57415069643,1020483.125480176,2182,0.00539194,7.044178247451782,15,0,0,0,0,0,0,0
mem0,1763043343.8051152,0,When did Caroline and Melanie go to a pride fesetival together?,2022,I don't know based on the given memories.,0.0,0.16552746295928955,0.08276373147964478,283374665767.53375,4926671962.315337,45855602005.33333,16252583936.0,0.0,87770.80185655657,166188.0990221058,756723.1681253075,1727,0.004215049999999999,9.245075702667236,15,0,0,0,0,0,0,0
mem0,1763043360.846955,0,What would Caroline's political leaning likely be?,Liberal,"Based on the given memories, Caroline is interested in advocacy, supports LGBTQ rights and inclusivity, values fighting for trans rights, and has joined an LGBTQ activist group. These interests and activities typically align with more progressive or liberal political leanings.",0.0,0.3586486279964447,0.17932431399822235,427360290444.8461,6022196333.341544,45892686643.19999,16266517708.800001,0.0,26332.05555498862,248759.60218037327,1110225.9001205403,544,0.0015765599999999999,7.423924922943115,15,0,0,0,0,0,0,0
mem0,1763043377.8957183,0,What has Melanie painted?,"Horse, sunset, sunrise","Melanie has painted the following based on the given memories:
- An abstract painting (2023-10-13).
- A painting of a sunflower (2023-08-25).
- A lake sunrise painting, which is special to her (2023-05-08).",0.017543859649122806,0.39849400520324707,0.20801893242618494,549153678032.5162,6988061989.804155,45905046459.73334,16267309602.133327,0.0,184318.11945235194,103977.15020883201,1004745.3832444206,1911,0.0050808,8.75883436203003,15,0,0,0,0,0,0,0
mem0,1763043394.9391308,0,What are Melanie's pets' names?,"Oliver, Luna, Bailey",Bailey and Oliver.,0.3157894736842105,0.7943024635314941,0.5550459686078524,291439102773.5038,5695292631.242244,45907512251.73333,16272145612.800001,0.0,8777.769840702907,173315.656908757,862100.0974060209,1161,0.00280137,7.14826774597168,15,0,0,0,0,0,0,0
mem0,1763043411.9828281,0,When did Caroline apply to adoption agencies?,The week of 23 August 2023,Caroline applied to adoption agencies on 2023-08-23.,0.28205128205128205,0.23768213391304016,0.2598667079821611,338173216255.9305,6257018204.500531,45895809433.6,16290523545.599997,0.0,105324.4606768449,156393.02380396036,958986.3492770224,937,0.00231637,7.9502716064453125,15,0,0,0,0,0,0,0
mem0,1763043432.0876968,0,When did Caroline draw a self-portrait?,The week before 23 August 2023,"Caroline drew a self-portrait recently, as mentioned on 2023-08-23.",0.35051546391752575,0.28906017541885376,0.31978781966818975,511944405509.1506,8183157764.146125,54474139648.00001,19347271680.0,0.0,104086.5884153747,228023.3927007494,1228306.5420758785,1185,0.00296906,18.051247358322144,18,0,0,0,0,0,0,0
mem0,1763043449.1375532,0,What subject have Caroline and Melanie both painted?,Sunsets,I don't know based on the given memories.,0.20833333333333334,0.13638277351856232,0.17235805342594784,336437301896.21277,5930908088.691572,45843711863.466675,16297073868.799992,0.0,52660.97659520907,203859.21852744865,1014773.0264638419,1432,0.00350406,5.574297904968262,15,0,0,0,0,0,0,0
mem0,1763043466.187199,0,What symbols are important to Caroline?,"Rainbow flag, transgender symbol","Based on the given memories, the important symbols to Caroline are:

1. A symbol that stands for freedom and being real (2023-10-13).
2. A symbol that is a reminder to stay true to oneself and embrace womanhood (2023-10-13).
3. The eagle, which symbolizes freedom and pride, representing resilience (2023-08-25).
4. The rainbow flag mural, important as it reflects the courage and strength of the trans community (2023-08-25).
5. A necklace that symbolizes love, faith, strength, roots, and family support (2023-06-27).

These symbols hold significance to Caroline according to the memories provided.",0.0031645569620253164,0.5616135597229004,0.28238905834246286,351410940793.2091,6011228113.553979,45897891566.93334,16300053026.133339,0.0,114102.23051754781,178752.42251353097,1132925.7368371703,1401,0.00443368,7.2023844718933105,15,0,0,0,0,0,0,0
mem0,1763043483.237229,0,When did Caroline encounter people on a hike and have a negative experience?,The week before 25 August 2023,Caroline encountered people on a hike and had a negative experience on 2023-08-17.,0.2857142857142857,0.2678256034851074,0.27676994459969656,232335384056.69687,4742261233.301827,45920818517.33334,16317620223.999998,0.0,0.0,172390.30728504894,716296.8510325243,1175,0.00292751,7.766408205032349,15,0,0,0,0,0,0,0
mem0,1763043500.289049,0,When did Melanie make a plate in pottery class?,24 August 2023,I don't know based on the given memories.,0.10909090909090909,0.08556288480758667,0.09732689694924787,509185995612.4281,6659623625.499385,45870542301.86666,16319143389.866667,0.0,171158.9882253301,89946.47212682602,939523.8881983543,1494,0.0036542499999999995,7.15484619140625,15,0,0,0,0,0,0,0
mem0,1763043517.3334064,0,Would Caroline be considered religious?,"Somewhat, but not extremely religious",I don't know based on the given memories.,0.1794871794871795,0.18216626346111298,0.18082672147414625,475484699736.5037,6928304366.904301,45823717376.0,16320418065.066668,0.0,35109.82539569153,219322.06915524378,997813.9513797762,447,0.0010559900000000001,6.088766098022461,15,0,0,0,0,0,0,0
mem0,1763043534.3821132,0,What instruments does Melanie play?,clarinet and violin,Melanie plays the clarinet and the violin.,0.6229508196721312,0.7829726338386536,0.7029617267553924,306614975596.7827,6085572410.64411,45837909469.86665,16321993659.733334,0.0,78993.65882028834,99767.49642976494,811087.7015715372,1070,0.0026209899999999997,6.97790265083313,15,0,0,0,0,0,0,0
mem0,1763043551.431825,0,What musical artists/bands has Melanie seen?,"Summer Sounds, Matt Patterson",I don't know based on the given memories.,0.14285714285714285,0.12777981162071228,0.13531847723892756,339022334366.625,6326201511.671993,45810253823.999985,16339371622.399998,0.0,0.0,150514.00326948837,972527.8833276314,1503,0.0036911799999999996,6.63942551612854,15,0,0,0,0,0,0,0
mem0,1763043568.4817908,0,When did Melanie go to the park?,27 August 2023,"Melanie went to the park on August 27, 2023, as noted in the memory from August 28, 2023, stating she took the kids to a park yesterday.",0.16,0.390653133392334,0.275326566696167,457716087708.81805,7127379979.501112,45832679424.0,16340238336.000002,0.0,184322.82156036427,252570.5861283102,1056620.4101543168,1542,0.0040088699999999994,7.612714052200317,15,0,0,0,0,0,0,0
mem0,1763043585.533223,0,When is Caroline's youth center putting on a talent show?,September 2023,I don't know based on the given memories.,0.21818181818181817,0.1011812835931778,0.15968155088749797,376106917051.00446,6507331930.13251,45836685312.0,16343897702.400002,0.0,17553.658820288347,138448.236107347,985801.0259405028,1075,0.00259713,7.3636634349823,15,0,0,0,0,0,0,0
mem0,1763043602.5755541,0,"Would Melanie likely enjoy the song ""The Four Seasons"" by Vivaldi?",Yes; it's classical music,I don't know based on the given memories.,0.06060606060606061,0.10210458189249039,0.0813553212492755,360257843103.53314,6342192388.8603525,45855783321.600006,16353391411.2,0.0,96549.82548525422,182880.35193799372,831490.033371961,1163,0.00279789,8.42887020111084,15,0,0,0,0,0,0,0
mem0,1763043619.616262,0,What are some changes Caroline has faced during her transition journey?,"Changes to her body, losing unsupportive friends","Caroline has faced several changes during her transition journey:

1. **Transitioning Journey**: Caroline started transitioning three years ago and has reflected on her progress (2023-06-09). This suggests ongoing personal development and changes associated with the transition process.

2. **Support System**: She values the support received from friends and family, which has been crucial for her personal growth and embracing her transition (2023-07-06, 2023-07-15).

3. **Authenticity and Expression**: She feels free to express herself more authentically after transitioning (2023-07-15).

4. **Struggles and Acceptance**: Caroline has shared personal struggles related to coming out and has been involved in conversations about gender identity and inclusion, which indicates challenges she has faced and overcome (2023-06-09, 2023-08-28).

5. **Art and Identity**: Art has been a significant part of her journey, helping her express feelings, explore gender identity, and share her personal story (2023-08-14, 2023-09-13).

6. **Community Involvement**: Caroline has been active in the LGBTQ community and is involved in advocacy and mentoring, which reflects changes in her social and community engagement (2023-07-17, 2023-08-25).

Beyond these aspects, the memories do not provide more specific details about the changes Caroline has faced during her transition journey.",0.00700770847932726,0.30885475873947144,0.15793123360939934,562192060387.6959,7533962564.578302,45885812736.0,16349481369.599998,0.0,78991.4648256416,95334.79694408606,999079.7579100626,2605,0.008612129999999999,14.562350511550903,15,0,0,0,0,0,0,0
mem0,1763043636.6634183,0,What does Melanie do with her family on hikes?,"Roast marshmallows, tell stories",I don't know based on the given memories.,0.3287671232876712,0.0998278334736824,0.2142974783806768,522116555094.0061,6682759684.990765,45903247769.6,16354168558.933332,0.0,92160.94074402812,268587.5167924509,985734.5315720657,2168,0.00533925,7.006387948989868,15,0,0,0,0,0,0,0
mem0,1763043653.7059724,0,When did Caroline go biking with friends?,The weekend before 13 September 2023,I don't know based on the given memories.,0.3116883116883117,0.010528606362640858,0.16110845902547627,276867008482.2061,5489152990.909166,45918220287.99999,16365787818.666666,0.0,43884.77403428092,146418.8743286349,766689.1235093194,954,0.0023138699999999996,5.378435373306274,15,0,0,0,0,0,0,0
mem0,1763043670.7532885,0,How long has Melanie been practicing art?,Since 2016,I don't know based on the given memories.,0.1568627450980392,0.25262030959129333,0.20474152734466627,314871282799.8995,6970693748.480972,45887049181.86665,16375669555.199995,0.0,13165.400838715603,186485.86634331715,1183631.5365385807,1536,0.0037688699999999993,6.694149494171143,15,0,0,0,0,0,0,0
mem0,1763043687.799031,0,What personality traits might Melanie say Caroline has?,"Thoughtful, authentic, driven","Based on the given memories, Melanie might say that Caroline values self-expression, acceptance, and support, as well as kindness. Caroline also appears to appreciate creativity and is supportive of her friend's art projects. She finds importance in friendship, compassion, and enjoys being around accepting and loving people. However, specific personality traits are not directly mentioned in the memories, so I don't know based on the given memories.",0.012474012474012475,0.2936728894710541,0.15307345097253328,415714061838.21106,5931176491.635672,45868852838.4,16378116778.666672,0.0,184320.94101271618,223096.36695079412,982916.4009545424,1228,0.00352656,10.142619848251343,15,0,0,0,0,0,0,0
mem0,1763043704.8418512,0,What transgender-specific events has Caroline attended?,"Poetry reading, conference","Caroline attended a transgender conference in July 2023 and shared about a school event where they talked about their transgender journey in June 2023. However, specific details about other transgender-specific events are not given. Therefore, I don't know based on the given memories whether Caroline attended additional transgender-specific events.",0.015957446808510637,0.12438322603702545,0.07017033642276804,355542006428.4733,6555368965.389405,45896738679.46666,16378865527.466663,0.0,8777.769840702907,138493.35345343547,851161.6642245129,2132,0.0056681100000000005,6.711099147796631,15,0,0,0,0,0,0,0
mem0,1763043721.8834293,0,What book did Melanie read from Caroline's suggestion?,"""Becoming Nicole""",I don't know based on the given memories.,0.20689655172413793,0.1223868578672409,0.1646417047956894,329490893653.4153,6458282345.575573,45936443391.99999,16388703846.4,0.0,105326.96843195974,257362.6088390603,1029859.8659283104,966,0.0023342499999999995,5.856340169906616,15,0,0,0,0,0,0,0
mem0,1763043738.9280045,0,When did Melanie's friend adopt a child?,2022,I don't know based on the given memories.,0.0,0.16552746295928955,0.08276373147964478,364780204069.9585,6003256414.327125,45939322880.0,16390291456.000002,0.0,65827.63108757538,116404.07456411155,978615.962110954,1323,0.0032315599999999996,5.8141028881073,15,0,0,0,0,0,0,0
mem0,1763043755.9672606,0,When did Melanie get hurt?,September 2023,I don't know based on the given memories.,0.21818181818181817,0.1011812835931778,0.15968155088749797,342122221379.6619,5818425889.210844,45937354342.40001,16393876275.199997,0.0,105327.59537073848,159464.60169684747,974144.7646458606,926,0.00225349,5.515852212905884,15,0,0,0,0,0,0,0
mem0,1763043773.009985,0,When did Melanie's family go on a roadtrip?,The weekend before 20 October 2023,Melanie's family went on a road trip this past weekend from the date of the memory on 2023-10-20.,0.33587786259541985,0.3800146281719208,0.3579462453836703,267665215122.92313,5514544943.556854,45927721369.6,16410779648.0,0.0,39497.1429019242,186648.70016958163,821911.6561758703,1442,0.00365444,7.158660650253296,15,0,0,0,0,0,0,0
mem0,1763043790.0507765,0,How many children does Melanie have?,3,I don't know based on the given memories.,0.0,0.0960136353969574,0.0480068176984787,374485672489.95337,6313018237.489833,45957922816.0,16412413132.800003,0.0,17554.285759067054,114096.88020134706,1018747.2196684805,943,0.00229118,5.343228578567505,15,0,0,0,0,0,0,0
mem0,1763043807.0972447,0,When did Melanie go on a hike after the roadtrip?,19 October 2023,I don't know based on the given memories.,0.17857142857142858,0.03291180729866028,0.10574161793504443,347473919054.36725,7551957997.039559,45970060083.2,16412294894.93333,0.0,171152.40530098169,195998.05268632938,971619.7030748728,1522,0.00371463,6.383143186569214,15,0,0,0,0,0,0,0
mem0,1763043824.1462646,0,Would Melanie go on another roadtrip soon?,Likely no; since this one went badly,I don't know based on the given memories.,0.38961038961038963,0.1548568308353424,0.272233610222866,310272551070.4165,4723889443.277833,45995707323.73333,16410536072.533335,0.0,8777.142857142857,195305.15866314588,833634.677105297,1186,0.0028890599999999997,6.803937196731567,15,0,0,0,0,0,0,0
mem0,1763043841.2006326,0,What items has Melanie bought?,"Figurines, shoes",I don't know based on the given memories.,0.21052631578947367,0.14154940843582153,0.1760378621126476,348821376184.90027,6266415833.259481,46003740672.0,16425223782.4,0.0,105327.59541551978,86134.62548698424,943493.2533317258,1064,0.0025984899999999997,6.838281869888306,15,0,0,0,0,0,0,0
mem0,1763043858.2498896,0,When did Caroline pass the adoption interview?,The Friday before 22 October 2023,I don't know based on the given memories.,0.1891891891891892,0.0309427659958601,0.11006597759252465,481526741783.1696,7620197545.7545805,46013763584.000015,16431198208.0,0.0,65826.69074657933,181493.97959591317,1004750.4637512305,953,0.0023113699999999997,6.389373779296875,15,0,0,0,0,0,0,0
mem0,1763043875.298384,0,When did Melanie buy the figurines?,21 October 2023,I don't know based on the given memories.,0.17857142857142858,0.060850709676742554,0.11971106912408556,357920360951.93976,6684568505.379028,46002198118.399994,16432358195.200003,0.0,105324.77421340629,142595.61773610924,963121.8643151278,839,0.0020263699999999996,6.04580020904541,15,0,0,0,0,0,0,0
mem0,1763043892.3496265,0,Would Caroline want to move back to her home country soon?,No; she's in the process of adopting children.,I don't know based on the given memories.,0.367816091954023,0.10135358572006226,0.23458483883704262,305168395853.5358,5766417082.028475,46002400733.86666,16443963801.599997,0.0,78994.91269784576,121703.25909712669,818181.001309256,544,0.00126963,9.219914436340332,15,0,0,0,0,0,0,0
mem0,1763043909.4040954,0,What did the charity race raise awareness for?,mental health,The charity race raised awareness for mental health.,0.4,0.6050230264663696,0.5025115132331848,324758983050.89935,6687117134.37502,46011079884.799995,16443212049.066668,0.0,35109.19850169416,208809.8773911364,966244.2481601732,2140,0.005253819999999999,6.441839694976807,15,0,0,0,0,0,0,0
mem0,1763043926.458246,0,What did Melanie realize after the charity race?,self-care is important,I don't know based on the given memories.,0.2857142857142857,0.10210162401199341,0.19390795486313955,476038821966.59436,6954994533.4210615,46013661457.06667,16445926058.666668,0.0,171149.58414364952,186581.3458953476,1835988.2945709242,1568,0.00384406,5.694986343383789,15,0,0,0,0,0,0,0
mem0,1763043943.5067623,0,How does Melanie prioritize self-care?,"by carving out some me-time each day for activities like running, reading, or playing the violin","Melanie prioritizes self-care by carving out me-time each day for running, reading, and playing violin, as stated in the memory from [2023-05-25].",0.5702479338842975,0.5758237838745117,0.5730358588794047,251189528781.19763,5412064901.880981,45956523349.333336,16456033621.333332,0.0,0.0,134316.10214436788,716737.8262756392,1948,0.00500618,6.4570136070251465,15,0,0,0,0,0,0,0
mem0,1763043960.5541754,0,What are Caroline's plans for the summer?,researching adoption agencies,I don't know based on the given memories.,0.34285714285714286,0.011109374463558197,0.17698325866035053,331003438232.89545,6561348423.851033,45983603916.799995,16470676275.200003,0.0,114102.85741154519,207940.3748198489,1138464.5375156186,779,0.00188118,6.045279264450073,15,0,0,0,0,0,0,0
mem0,1763043977.6030748,0,What type of individuals does the adoption agency Caroline is considering support?,LGBTQ+ individuals,I don't know based on the given memories.,0.1694915254237288,0.025074737146496773,0.09728313128511279,391091077575.33923,6948166161.619686,46006064742.40001,16470959718.400002,0.0,0.0,162245.5927074338,980620.3234546116,2313,0.00568732,6.792437791824341,15,0,0,0,0,0,0,0
mem0,1763043994.6434724,0,Why did Caroline choose the adoption agency?,because of their inclusivity and support for LGBTQ+ individuals,I don't know based on the given memories.,0.34615384615384615,0.04642564430832863,0.1962897452310874,340803258165.31287,6742905791.963532,45976095675.73333,16473097830.4,0.0,144822.85754588924,192691.69669870948,862813.2097297594,1560,0.00382887,6.651471138000488,15,0,0,0,0,0,0,0
mem0,1763044011.6772778,0,What is Caroline excited about in the adoption process?,creating a family for kids who need one,Caroline is excited about taking the first step towards becoming a mom by applying to adoption agencies and providing a loving home for kids.,0.25555555555555554,0.43072015047073364,0.3431378530131446,305792707857.18915,5890617762.289415,45984609075.2,16481546240.0,0.0,26330.488230432522,184440.2909012551,830319.8422156388,2311,0.00582425,6.248051881790161,15,0,0,0,0,0,0,0
mem0,1763044028.7163672,0,What does Melanie think about Caroline's decision to adopt?,she thinks Caroline is doing something amazing and will be an awesome mom,I don't know based on the given memories.,0.21052631578947367,0.12868599593639374,0.1696061558629337,406520280518.9239,6453685561.016086,45999837184.0,16489869312.000002,0.0,122879.373285128,300252.34078846854,1294564.5770509017,1278,0.0031094399999999998,5.808192253112793,15,0,0,0,0,0,0,0
mem0,1763044045.7591257,0,How long have Mel and her husband been married?,Mel and her husband have been married for 5 years.,I don't know based on the given memories.,0.3516483516483517,0.08520148694515228,0.21842491929675198,326022921668.2607,6106072619.722785,46020985651.200005,16491033395.199999,0.0,26332.369046768647,159344.78882053646,995662.782469659,179,0.00038789,5.059346914291382,15,0,0,0,0,0,0,0
mem0,1763044062.8065774,0,What does Caroline's necklace symbolize?,"love, faith, and strength","Caroline's necklace symbolizes love, faith, strength, a reminder of roots and family support, and staying true to oneself while embracing womanhood.",0.24277456647398843,0.3363270163536072,0.2895507914137978,260948803712.84784,5877775772.921621,46074220270.93333,16504130218.666666,0.0,144820.03625421302,77030.78154235819,662359.0167457637,1049,0.0027037199999999997,6.131038427352905,15,0,0,0,0,0,0,0
mem0,1763044079.8548565,0,What country is Caroline's grandma from?,Sweden,Caroline's grandma is from Sweden.,0.3,0.465554416179657,0.3827772080898285,376643818213.6468,6943962966.571163,46097442952.53333,16507289873.066671,0.0,52662.23033842245,172164.78613648211,1007377.6553774517,472,0.00110137,7.714833974838257,15,0,0,0,0,0,0,0
mem0,1763044096.8953865,0,What was grandma's gift to Caroline?,necklace,Grandma's gift to Caroline was a necklace from Sweden.,0.25806451612903225,0.6027335524559021,0.4303990342924672,513682994360.82074,6530185642.445486,46041269589.33333,16512237841.066666,0.0,61440.62707312273,146918.87502940386,898948.6444182548,793,0.00193387,5.865032434463501,15,0,0,0,0,0,0,0
mem0,1763044113.9330938,0,What is Melanie's hand-painted bowl a reminder of?,art and self-expression,I don't know based on the given memories.,0.3125,0.11250429600477219,0.2125021480023861,243101380620.8669,5796707063.851941,45938085888.0,16513220607.999998,0.0,131655.26244383882,105845.18640169375,693343.7581109577,3479,0.00858913,8.238258123397827,15,0,0,0,0,0,0,0
mem0,1763044130.9803462,0,What did Melanie and her family do while camping?,"explored nature, roasted marshmallows, and went on a hike","Melanie and her family did several activities while camping, including:

1. Exploring nature and hiking (memory from 2023-09-13 and 2023-06-27).
2. Enjoying unplugging and hanging out with the kids (memory from 2023-07-17).
3. Roasting marshmallows and sharing stories around the campfire (memory from 2023-09-13 and 2023-06-27).
4. Making wishes during a meteor shower (memory from 2023-07-20).
5. Exploring the forest (memory from 2023-09-13).

These activities demonstrate their enjoyment of nature and spending quality time together.",0.030303030303030304,0.5177863836288452,0.27404470696593775,368441241298.38715,7220102597.440776,46002073326.93333,16534570325.333334,0.0,39499.023807823,284433.01252789615,1927870.0130715326,2317,0.00670925,8.071197509765625,15,0,0,0,0,0,0,0
mem0,1763044148.0219777,0,What kind of counseling and mental health services is Caroline interested in pursuing?,"working with trans people, helping them accept themselves and supporting their mental health",Caroline is interested in pursuing counseling and mental health services that support trans people with their mental health and self-acceptance. She has attended LGBTQ+ counseling workshops and is passionate about creating a safe space for LGBTQ+ individuals. Caroline also wants to work on advocacy and support LGBTQ rights to make a difference.,0.0319634703196347,0.6739397644996643,0.35295161740964953,407481573752.52106,6973373624.248694,46042065032.53333,16539750399.999998,0.0,122880.62725224809,263647.9061448289,1141906.9135203543,2348,0.00616001,8.161648988723755,15,0,0,0,0,0,0,0
mem0,1763044165.0679245,0,What workshop did Caroline attend recently?,LGBTQ+ counseling workshop,I don't know based on the given memories.,0.26865671641791045,-0.008267825469374657,0.1301944454742679,343242194351.53455,6127969295.123093,46064229580.8,16541834990.933327,0.0,13165.714285714286,203191.06161056296,937383.1367062877,2049,0.0050561799999999995,5.650858402252197,15,0,0,0,0,0,0,0
mem0,1763044182.1052766,0,What was discussed in the LGBTQ+ counseling workshop?,therapeutic methods and how to best work with trans people,I don't know based on the given memories.,0.20202020202020202,0.052562154829502106,0.12729117842485205,270759652281.6994,6519954177.8607645,46104130355.200005,16558429798.400002,0.0,144824.7380935373,296077.2803375281,867801.7024408559,2528,0.006216549999999999,6.6310203075408936,15,0,0,0,0,0,0,0
mem0,1763044199.1467516,0,What motivated Caroline to pursue counseling?,"her own journey and the support she received, and how counseling improved her life","Based on the given memories, Caroline is motivated to pursue counseling by her interest in supporting mental health, particularly for trans people, and creating a safe space for LGBTQ+ individuals. She is interested in advocacy and has a passion for helping people with mental health issues, as shown in her various involvements and activities related to LGBTQ+ counseling and mentorship. Additionally, her personal experiences and journey seem to be a driving force in her motivation to make a difference in these areas.",0.03316749585406302,0.5672491788864136,0.3002083373702383,331228542622.76636,7626143697.899678,46150672110.933334,16565626470.399998,0.0,52663.48430554256,125535.00111623177,1960636.4424919204,2401,0.006573679999999999,8.329071998596191,15,0,0,0,0,0,0,0
mem0,1763044216.1946445,0,What kind of place does Caroline want to create for people?,a safe and inviting place for people to grow,"Caroline is interested in creating a safe, inviting place for people to grow. She is passionate about creating a safe space for LGBTQ+ individuals and wants to create a supportive environment that focuses on mental health and self-acceptance.",0.23776223776223776,0.40094807744026184,0.3193551576012498,340714343570.13806,6702554541.826428,46163582976.0,16570063257.6,0.0,61441.88095068015,273596.78785144136,1004672.183377626,2338,0.006032129999999999,6.338633298873901,15,0,0,0,0,0,0,0
mem0,1763044233.2365024,0,Did Melanie make the black and white bowl in the photo?,Yes,I don't know based on the given memories.,0.09090909090909091,0.16087442636489868,0.1258917586369948,259166683400.13574,5995683760.116502,46140414634.666664,16570836309.333332,0.0,131661.84523384325,167968.72267658418,755907.7289490519,1133,0.0027421299999999997,5.879880428314209,15,0,0,0,0,0,0,0
mem0,1763044250.2882004,0,What kind of books does Caroline have in her library?,"kids' books - classics, stories from different cultures, educational books","Caroline has a collection of kids' books in her library, which includes classics, stories from different cultures, and educational books.",0.6919431279620853,0.7390317916870117,0.7154874598245485,377338108475.9417,7606392101.928681,46150631970.13332,16582515916.800003,0.0,39499.023807823,154503.25527706288,1365170.204727791,554,0.00142694,10.937621593475342,15,0,0,0,0,0,0,0
mem0,1763044267.336223,0,What was Melanie's favorite book from her childhood?,"""Charlotte's Web""",Melanie's favorite book from her childhood was 'Charlotte's Web'.,0.36585365853658536,0.6623307466506958,0.5140922025936405,323426977322.45465,7342297949.616157,46165390131.20001,16586066875.733334,0.0,122879.37346425335,171466.07459655066,648808.9594755122,1077,0.0026492499999999997,7.1162378787994385,15,0,0,0,0,0,0,0
mem0,1763044284.3812451,0,What book did Caroline recommend to Melanie?,"""Becoming Nicole""",Caroline recommended 'Becoming Nicole' to Melanie.,0.44776119402985076,0.739739179611206,0.5937501868205284,320402133895.2434,8818110805.193794,46172067976.53333,16588765866.666664,0.0,13166.65476105436,139294.2949046939,1550375.7786348397,897,0.0021863699999999995,5.763186454772949,15,0,0,0,0,0,0,0
mem0,1763044301.425453,0,"What did Caroline take away from the book ""Becoming Nicole""?",Lessons on self-acceptance and finding support,"Caroline finds the book ""Becoming Nicole"" inspiring and hopeful. She recommends it and loves it, considering it a significant part of personal guidance, motivation, and helping to discover personal identity.",0.007905138339920948,0.20953041315078735,0.10871777574535416,286260818814.66205,4829963579.4315195,46180020224.0,16603833139.2,0.0,157988.57156291546,142810.714417828,384915.0002961733,1884,0.00483736,6.4032745361328125,15,0,0,0,0,0,0,0
mem0,1763044318.4764552,0,What are the new shoes that Melanie got used for?,Running,"The new shoes that Melanie got, which are pink sneakers, are used for running.",0.16470588235294117,0.36272725462913513,0.26371656849103814,417169849187.8168,7198926013.62836,46208864256.00001,16600244224.000002,0.0,43886.34135883702,232669.74329363933,981786.3202429037,975,0.00241194,5.986459970474243,15,0,0,0,0,0,0,0
mem0,1763044410.079045,0,What is Melanie's reason for getting into running?,To de-stress and clear her mind,I don't know based on the given memories.,0.19444444444444445,0.21052861213684082,0.20248652829064262,7268435244557.159,249551506072.93497,259751023190.29208,93361797971.41557,0.0,2626375.3718166365,3541180.035503881,18041951.43781096,1283,0.0031363699999999994,89.55668687820435,89,0,0,0,0,0,0,0
mem0,1763044427.1155884,0,What does Melanie say running has been great for?,Her mental health,I don't know based on the given memories.,0.20689655172413793,0.1979207694530487,0.2024086605885933,94450140931.25488,8487265888.535719,46113601126.40001,16592382907.733335,0.0,184323.76203570433,50894.65007822708,276601.30754237546,1865,0.00458175,6.5567851066589355,15,0,0,0,0,0,0,0
mem0,1763044444.162208,0,What did Mel and her kids make during the pottery workshop?,pots,"During the pottery workshop, Mel and her kids made their own pots.",0.11428571428571428,0.4790593385696411,0.2966725264276777,380134725729.38513,7856907334.460829,46151717137.06666,16622518545.066668,0.0,13164.773944718232,394811.52626921696,1514920.3664595624,3452,0.00855678,6.090691328048706,15,0,0,0,0,0,0,0
mem0,1763044461.2054067,0,What kind of pot did Mel and her kids make with clay?,a cup with a dog face on it,I don't know based on the given memories.,0.35294117647058826,0.03275012969970703,0.19284565308514764,322322754771.84894,8425248816.549519,46140212838.39999,16641201766.4,0.0,157986.6910152674,118267.96366220899,1762450.0180226197,196,0.00039672000000000004,5.660092830657959,15,0,0,0,0,0,0,0
mem0,1763044478.2523904,0,What creative project do Mel and her kids do together besides pottery?,painting,I don't know based on the given memories.,0.16326530612244897,0.14292475581169128,0.1530950309670701,433860428802.8105,8985107654.939808,46105661440.0,16633073664.000004,0.0,65832.33332993173,139885.19679394958,833298.074120001,196,0.00039672000000000004,5.502803564071655,15,0,0,0,0,0,0,0
mem0,1763044495.2958412,0,What did Mel and her kids paint in their latest project in July 2023?,a sunset with a palm tree,I don't know based on the given memories.,0.3333333333333333,0.0695040374994278,0.20141868541638056,296445704820.8324,10160118548.500433,46136373248.0,16629175091.199995,0.0,105325.71455440235,104770.29722813382,734282.5076540016,208,0.00040748000000000005,6.990549087524414,15,0,0,0,0,0,0,0
mem0,1763044512.3471148,0,What did Caroline see at the council meeting for adoption?,many people wanting to create loving homes for children in need,I don't know based on the given memories.,0.23076923076923078,0.02808418497443199,0.1294267078718314,322440915421.2186,5722324538.656302,46107646634.666664,16639975970.13333,0.0,118488.60768278447,107535.63268681263,640335.6264849795,1443,0.00352194,5.821096420288086,15,0,0,0,0,0,0,0
mem0,1763044529.4009094,0,What do sunflowers represent according to Caroline?,warmth and happiness,"According to Caroline, sunflowers are associated with warmth and happiness.",0.42105263157894735,0.48631733655929565,0.4536849840691215,407442968122.96643,9040904016.358337,46093159628.8,16640094208.000002,0.0,52663.79761819722,258775.2849835583,1092194.2501982104,1596,0.003944059999999999,6.796294927597046,15,0,0,0,0,0,0,0
mem0,1763044546.4472148,0,Why are flowers important to Melanie?,They remind her to appreciate the small moments and were a part of her wedding decor,"Based on the given memories, flowers are important to Melanie because they represent growth, beauty, and appreciation of small moments, and they remind her of her wedding day.",0.2471042471042471,0.5693508386611938,0.40822754288272045,331004956796.69635,8902468228.94624,46110464682.66667,16642080221.866663,0.0,57051.11521399257,134661.77897530064,957180.218931785,2154,0.005498679999999999,6.944401741027832,15,0,0,0,0,0,0,0
mem0,1763044563.5004706,0,What inspired Caroline's painting for the art show?,visiting an LGBTQ center and wanting to capture unity and strength,Caroline was inspired to make art for the art show after seeing posters with themes of pride and strength.,0.3953488372093023,0.2082619071006775,0.3018053721549899,219222990767.88577,7479379875.423809,46125595306.666664,16650499413.33333,0.0,0.0,155935.10515267908,738933.9861909497,2234,0.005594249999999999,5.974699258804321,15,0,0,0,0,0,0,0
mem0,1763044580.5509813,0,How often does Melanie go to the beach with her kids?,once or twice a year,I don't know based on the given memories.,0.26229508196721313,0.11375363171100616,0.18802435683910965,348817592064.4027,8975739014.742252,46138601745.066666,16662277051.733337,0.0,171154.2862516618,240098.51158244137,1172158.7839976014,1408,0.00342963,6.269639015197754,15,0,0,0,0,0,0,0
mem0,1763044597.6072228,0,What did Melanie and her family see during their camping trip last year?,Perseid meteor shower,I don't know based on the given memories.,0.2903225806451613,0.07380495965480804,0.18206377014998468,399126825319.3294,9501460586.613222,46154951065.60002,16664301021.866665,0.0,35107.94462413674,192819.679537697,1006255.0281150128,1868,0.004570009999999999,6.379141330718994,15,0,0,0,0,0,0,0
mem0,1763044614.6536322,0,How did Melanie feel while watching the meteor shower?,in awe of the universe,"While watching the meteor shower, Melanie felt at one with the universe, felt awe of the universe, appreciated life's little moments, and made wishes.",0.2558139534883721,0.5169737339019775,0.3863938436951748,308827800636.99805,7880712084.442901,46173611895.466675,16668314555.73333,0.0,78992.40503229361,167411.51223660755,860309.4849911344,1342,0.0034242499999999998,5.877546548843384,15,0,0,0,0,0,0,0
mem0,1763044631.6965332,0,Whose birthday did Melanie celebrate recently?,Melanie's daughter,I don't know based on the given memories.,0.1694915254237288,0.20818248391151428,0.18883700466762154,318556626917.7406,8263495719.361371,46171355545.600006,16682977689.599995,0.0,140438.04779477138,188064.44576732587,999131.7913015396,2158,0.00533349,5.865044593811035,15,0,0,0,0,0,0,0
mem0,1763044648.732134,0,Who performed at the concert at Melanie's daughter's birthday?,Matt Patterson,I don't know based on the given memories.,0.21818181818181817,0.10436517000198364,0.1612734940919009,328018660902.55774,8875909644.16412,46153715712.000015,16683126784.000002,0.0,87771.42857142857,240163.87251401754,1093286.8542738631,951,0.00228948,6.748100996017456,15,0,0,0,0,0,0,0
mem0,1763044665.775869,0,Why did Melanie choose to use colors and patterns in her pottery project?,She wanted to catch the eye and make people smile.,I don't know based on the given memories.,0.3956043956043956,0.21865501999855042,0.307129707801473,342265354214.14825,7559349216.228733,46180310220.799995,16686611660.800001,0.0,210655.1908310396,149010.40006170032,833689.1913813023,2073,0.005082509999999999,7.81214451789856,15,0,0,0,0,0,0,0
mem0,1763044682.826457,0,What pet does Caroline have?,guinea pig,I don't know based on the given memories.,0.19607843137254902,0.16167327761650085,0.17887585449452492,302548660352.0534,7195092561.54733,46154190301.86667,16685864550.4,0.0,17555.539681405815,136281.30037552412,731381.6036279618,630,0.0015134900000000001,5.205489158630371,15,0,0,0,0,0,0,0
mem0,1763044699.8642063,0,What pets does Melanie have?,Two cats and a dog,Melanie has a cat named Bailey and a dog named Oliver.,0.3888888888888889,0.5260197520256042,0.45745432045724654,355985917241.8709,8929080617.995014,46151495680.0,16700181708.8,0.0,184320.94101271618,227210.769385454,1238971.7687096265,1233,0.00305099,5.578970193862915,15,0,0,0,0,0,0,0
mem0,1763044819.9898553,0,Where did Oliver hide his bone once?,In Melanie's slipper,I don't know based on the given memories.,0.26229508196721313,0.16692057251930237,0.21460782724325775,11517392367405.574,485682989889.4307,343120291284.61005,124141312937.22029,0.0,5436413.285707497,6074681.118454605,32684500.511037737,181,0.00038327,118.08021426200867,118,0,0,0,0,0,0,0
mem0,1763044837.030141,0,What activity did Caroline used to do with her dad?,Horseback riding,I don't know based on the given memories.,0.14035087719298245,0.09651021659374237,0.11843054689336241,73494308105.80624,6249088041.825443,46100374869.33334,16686848409.599997,0.0,122881.25396712008,26484.510392836426,151118.8754629771,1373,0.0033469399999999996,6.244876146316528,15,0,0,0,0,0,0,0
mem0,1763044854.0678797,0,What did Caroline make for a local church?,a stained glass window,Caroline made a stained glass window for a local church.,0.5641025641025641,0.6807495355606079,0.622426049831586,380323120972.2564,6044175327.362861,46142745258.66667,16701348522.666668,0.0,175544.1112891026,173326.2383862909,1206822.908177569,600,0.0014465600000000002,5.898014068603516,15,0,0,0,0,0,0,0
mem0,1763044871.1034722,0,What did Caroline find in her neighborhood during her walk?,a rainbow sidewalk,I don't know based on the given memories.,0.2711864406779661,0.03143675625324249,0.1513115984656043,304455616762.86786,8303025213.6518345,46168845516.799995,16717742899.199999,0.0,35108.57142857143,142134.33386022435,967049.5306804073,923,0.00222194,5.7619788646698,15,0,0,0,0,0,0,0
mem0,1763044888.1412132,0,Which song motivates Caroline to be courageous?,Brave by Sara Bareilles,"The song ""Brave"" by Sara Bareilles motivates Caroline to be courageous.",0.48936170212765956,0.7147023677825928,0.6020320349551261,381547434013.9038,9546791313.927105,46163288064.0,16715767807.999998,0.0,184321.8813537122,184861.74999639374,1035141.5497559593,2055,0.005116409999999998,5.927955627441406,15,0,0,0,0,0,0,0
mem0,1763044905.1915338,0,Which  classical musicians does Melanie enjoy listening to?,Bach and Mozart,Melanie enjoys listening to classical musicians like Bach and Mozart.,0.35714285714285715,0.5844266414642334,0.4707847493035453,292206811327.8317,8297206616.239262,46165076377.600006,16724290764.800001,0.0,17554.912697845764,274133.2276334348,1018651.2310747858,1590,0.00391675,6.704181909561157,15,0,0,0,0,0,0,0
mem0,1763044922.2420537,0,Who is Melanie a fan of in terms of modern music?,Ed Sheeran,I don't know based on the given memories.,0.27450980392156865,0.0803435891866684,0.17742669655411852,270084897868.20892,6924340100.8122225,46193569245.86667,16732406579.199999,0.0,96547.31781970206,85611.749818482,843316.078628834,1307,0.0031495099999999995,8.291980504989624,15,0,0,0,0,0,0,0
mem0,1763044939.2942746,0,How long has Melanie been creating art?,7 years,I don't know based on the given memories.,0.16666666666666666,0.20306356251239777,0.1848651145895322,419054512233.4703,8972619374.75487,46183337984.0,16739002231.466671,0.0,78996.1667993099,188403.0112018065,1848101.050549905,1416,0.0034688699999999998,5.450945138931274,15,0,0,0,0,0,0,0
mem0,1763044956.3379786,0,What precautionary sign did Melanie see at the caf√©?,A sign stating that someone is not being able to leave,I don't know based on the given memories.,0.25263157894736843,0.014063547365367413,0.13334756315636792,301112311000.222,9257179228.90914,46207974877.866684,16746829960.533329,0.0,92161.88095068016,188992.3755602344,1126052.994571874,995,0.00240194,5.629350423812866,15,0,0,0,0,0,0,0
mem0,1763044973.3837867,0,What advice does Caroline give for getting started with adoption?,"Do research, find an adoption agency or lawyer, gather necessary documents, and prepare emotionally.",I don't know based on the given memories.,0.3120567375886525,-0.00945034809410572,0.15130319474727338,251751499576.88724,8570703071.107057,46197155157.333336,16765979306.666664,0.0,87772.68262811135,113273.71757499344,693571.554849334,2204,0.0054356299999999995,5.869241237640381,15,0,0,0,0,0,0,0
mem0,1763044990.4253166,0,What setback did Melanie face in October 2023?,She got hurt and had to take a break from pottery.,I don't know based on the given memories.,0.1978021978021978,0.18720382452011108,0.19250301116115442,337066791357.8675,9692163114.408493,46210935193.59998,16773800209.066664,0.0,26331.428660991252,230500.501405161,1795535.6628599958,942,0.0022694399999999997,6.564874887466431,15,0,0,0,0,0,0,0
mem0,1763045007.4748063,0,What does Melanie do to keep herself busy during her pottery break?,Read a book and paint.,Melanie keeps herself busy during her pottery break by painting.,0.27906976744186046,0.2782440185546875,0.278656892998274,449648698844.4983,8423067955.291717,46249411379.20001,16772774024.533333,0.0,184324.70251104442,183072.96427980013,1017241.9137936886,2182,0.00538232,6.613221883773804,15,0,0,0,0,0,0,0
mem0,1763045024.525278,0,"What painting did Melanie show to Caroline on October 13, 2023?",A painting inspired by sunsets with a pink sky.,I don't know based on the given memories.,0.29545454545454547,0.05852353945374489,0.17698904245414518,316545819535.97656,7420261096.3353815,46261238715.73333,16774442188.8,0.0,8777.142857142857,178730.3576480357,873685.71654129,1865,0.0045528899999999995,7.643880844116211,15,0,0,0,0,0,0,0
mem0,1763045041.578419,0,"What kind of painting did Caroline share with Melanie on October 13, 2023?",An abstract painting with blue streaks on a wall.,I don't know based on the given memories.,0.3111111111111111,0.044396981596946716,0.17775404635402892,411936706635.13086,8108811048.24762,46243441868.8,16791256268.800001,0.0,105323.20688885017,191295.57834429963,981088.3465314057,2065,0.00504327,7.3178980350494385,15,0,0,0,0,0,0,0
mem0,1763045058.623202,0,What was the poetry reading that Caroline attended about?,It was a transgender poetry reading where transgender people shared their stories.,I don't know based on the given memories.,0.3252032520325203,0.18816480040550232,0.2566840262190113,576519958871.2928,8257004145.626984,46249320448.0,16796065792.000006,0.0,65830.45237925158,238861.2858426888,1075584.1554303418,1672,0.00409925,5.85300874710083,15,0,0,0,0,0,0,0
mem0,1763045075.675313,0,What did the posters at the poetry reading say?,"""Trans Lives Matter""",I don't know based on the given memories.,0.36065573770491804,0.14599914848804474,0.25332744309648136,298694970747.1478,7612092288.774308,46266955366.399994,16795276083.199997,0.0,105326.6548953984,186610.37709506022,1001422.8486247268,2838,0.006991549999999998,7.535686254501343,15,0,0,0,0,0,0,0
mem0,1763045092.7158275,0,What does Caroline's drawing symbolize for her?,Freedom and being true to herself.,"Based on the given memories, Caroline's drawing symbolizes freedom, being real, staying true to oneself, and embracing womanhood.",0.34355828220858897,0.3271239399909973,0.33534111109979314,277312399743.1381,7381125039.575653,46262997265.066666,16806791577.600004,0.0,78992.40503229361,175796.7921754647,1443312.5598575494,2003,0.0050491,6.676604747772217,15,0,0,0,0,0,0,0
mem0,1763045109.7608774,0,How do Melanie and Caroline describe their journey through life together?,An ongoing adventure of learning and growing.,I don't know based on the given memories.,0.27906976744186046,0.12674875557422638,0.20290926150804342,400902938252.7514,8699309240.650665,46259526860.799995,16817783876.266666,0.0,35107.31764057669,267695.05928859353,1343784.982037205,1879,0.004607129999999998,6.319838285446167,15,0,0,0,0,0,0,0
mem0,1763045126.802299,0,What happened to Melanie's son on their road trip?,He got into an accident,"Melanie's son got into an accident during their road trip but was okay afterward. The trip started badly due to the accident, and Melanie felt scared during the incident.",0.22797927461139897,0.4687238037586212,0.3483515391850101,391283454652.2146,7831615450.167462,46264362871.46666,16821123481.599998,0.0,171153.34577632174,222687.9608207476,999387.6543824003,1265,0.00326444,7.415295839309692,15,0,0,0,0,0,0,0
mem0,1763045143.8518946,0,How did Melanie's son handle the accident?,He was scared but reassured by his family,Melanie's son was okay after the accident.,0.26506024096385544,0.29453688859939575,0.27979856478162557,264882438944.59943,7363722223.145026,46277502293.33334,16825627989.333328,0.0,0.0,121927.36531572633,702547.2415938015,1271,0.0031090599999999994,6.12890887260437,15,0,0,0,0,0,0,0
mem0,1763045160.8966935,0,How did Melanie feel about her family after the accident?,They are important and mean the world to her,"After the accident, Melanie valued her family more and appreciated having them around to support during hard times.",0.3522012578616352,0.3893459439277649,0.3707736008947,367743115802.7057,8359976216.787718,46280491554.13333,16839954978.133337,0.0,114103.48448466792,172030.7058178643,1082737.6975304477,1537,0.00383944,7.61718225479126,15,0,0,0,0,0,0,0
mem0,1763045177.9430149,0,How did Melanie's children handle the accident?,They were scared but resilient,I don't know based on the given memories.,0.22535211267605634,0.24149799346923828,0.23342505307264733,418586041589.4081,8641072851.781895,46284839321.6,16840416187.733332,0.0,52665.67856887737,208271.88406636167,1038501.2699717866,1443,0.00353156,6.231483697891235,15,0,0,0,0,0,0,0
mem0,1763045194.9867604,0,How did Melanie feel after the accident?,Grateful and thankful for her family,"Melanie was scared during the accident and afterwards, she valued her family more.",0.3898305084745763,0.33675411343574524,0.3632923109551608,266665475149.6555,7503509473.825407,46311680409.6,16841822754.133337,0.0,118491.42897446066,197109.60284969368,845093.3958779345,996,0.00247137,5.92718505859375,15,0,0,0,0,0,0,0
mem0,1763045212.03196,0,What was Melanie's reaction to her children enjoying the Grand Canyon?,She was happy and thankful,I don't know based on the given memories.,0.14925373134328357,0.1879214346408844,0.16858758299208398,293906695964.7826,8293829325.761783,46296295014.399994,16857555763.2,0.0,35107.9445793554,96580.43293211228,954631.3535631081,2160,0.00530482,6.648629426956177,15,0,0,0,0,0,0,0
mem0,1763045229.0802364,0,What do Melanie's family give her?,Strength and motivation,"Melanie's family gives her joy, love, support through tough times, and happiness and togetherness from memories shared with them.",0.17105263157894737,0.24656251072883606,0.2088075711538917,427146285786.914,7768836641.173623,46279704575.99999,16858599423.999998,0.0,21943.17067941851,284035.1444322839,1075044.3818999385,1837,0.004648869999999999,6.813900947570801,15,0,0,0,0,0,0,0
mem0,1763045246.117389,0,How did Melanie feel about her family supporting her?,She appreciated them a lot,"Based on the given memories, Melanie feels appreciative and values her family's love and support, especially during tough times. She mentions that having family around is important and expresses gratitude for their support.",0.08032128514056225,0.40109962224960327,0.24071045369508276,344798477457.3057,8642000357.586111,46298557644.799995,16862714265.599997,0.0,171152.40530098169,185604.4820997422,1172857.9754262487,2043,0.005236749999999999,7.08341908454895,15,0,0,0,0,0,0,0
mem0,1763045263.1567695,0,What did Melanie do after the road trip to relax?,Went on a nature walk or hike,I don't know based on the given memories.,0.4,0.1411183476448059,0.27055917382240297,258410974338.50345,6898320942.43611,46298770090.666664,16882612906.666664,0.0,0.0,245261.3876551073,735536.4496280889,2163,0.00532194,6.9636735916137695,15,0,0,0,0,0,0,0
mem0,1763045280.1995738,0,What did Caroline realize after her charity race?,self-care is important,I don't know based on the given memories.,0.2857142857142857,0.10210162401199341,0.19390795486313955,392974500767.9267,8234372019.38774,46263522372.26666,16880910335.999998,0.0,61440.00017912536,158723.65344846252,975376.655126838,1451,0.00355156,5.768359661102295,15,0,0,0,0,0,0,0
mem0,1763045297.2519808,0,What are Melanie's plans for the summer with respect to adoption?,researching adoption agencies,I don't know based on the given memories.,0.34285714285714286,0.011109374463558197,0.17698325866035053,405401563138.58014,9391731673.829962,46269763857.06666,16877352550.400002,0.0,52662.23033842246,136168.7333667355,1125350.6600425597,1869,0.004586939999999999,6.316610813140869,15,0,0,0,0,0,0,0
mem0,1763045314.3018253,0,What type of individuals does the adoption agency Melanie is considering support?,LGBTQ+ individuals,I don't know based on the given memories.,0.1694915254237288,0.025074737146496773,0.09728313128511279,310825143606.0146,6893407866.739185,46273439334.40001,16878641425.066666,0.0,96546.690836142,221323.55369850574,807707.3937117322,1145,0.0027673199999999998,6.69325065612793,15,0,0,0,0,0,0,0
mem0,1763045331.3548632,0,Why did Melanie choose the adoption agency?,because of their inclusivity and support for LGBTQ+ individuals,I don't know based on the given memories.,0.34615384615384615,0.04642564430832863,0.1962897452310874,375056099304.0141,8572174164.143768,46268787916.799995,16889224396.800003,0.0,17554.285714285714,103279.41129778489,906396.8620203846,1165,0.0028413699999999997,5.714867353439331,15,0,0,0,0,0,0,0
mem0,1763045348.4084983,0,What is Melanie excited about in her adoption process?,creating a family for kids who need one,I don't know based on the given memories.,0.25,0.04032781347632408,0.14516390673816204,360482107384.22925,7808183138.322222,46275452928.00002,16888356864.000002,0.0,122881.25414624545,194933.20881899595,1029512.459539167,2147,0.00528675,7.398334741592407,15,0,0,0,0,0,0,0
mem0,1763045365.457979,0,What does Melanie's necklace symbolize?,"love, faith, and strength",I don't know based on the given memories.,0.18181818181818182,0.14090034365653992,0.16135926273736087,372579117532.47736,8031253502.22518,46292424294.399994,16885316812.8,0.0,26330.488230432522,220147.49392439317,1049973.2723185227,1302,0.0031862199999999996,5.905737400054932,15,0,0,0,0,0,0,0
mem0,1763045382.51117,0,What country is Melanie's grandma from?,Sweden,I don't know based on the given memories.,0.2127659574468085,0.10363908857107162,0.15820252300894005,297590461621.9494,7974062784.316217,46318623675.73333,16896542583.466665,0.0,144821.91693620515,119957.17187349504,837035.5088356109,658,0.0015738700000000002,6.144284725189209,15,0,0,0,0,0,0,0
mem0,1763045399.577912,0,What was grandma's gift to Melanie?,necklace,I don't know based on the given memories.,0.12244897959183673,0.19388529658317566,0.1581671380875062,366455497939.73706,8888806990.149122,46304907264.000015,16890426709.333332,0.0,78991.46469129757,180959.91981667964,1028583.8075201927,1478,0.0036238699999999995,7.465424537658691,15,0,0,0,0,0,0,0
mem0,1763045416.6388073,0,What was grandpa's gift to Caroline?,necklace,I don't know based on the given memories.,0.12244897959183673,0.19388529658317566,0.1581671380875062,369806768966.25073,9325802481.22335,46290138726.4,16891001241.599997,0.0,92160.94074402814,201520.7903614945,974662.2828805911,678,0.00161906,7.592288970947266,15,0,0,0,0,0,0,0
mem0,1763045433.6966004,0,What is Caroline's hand-painted bowl a reminder of?,art and self-expression,Caroline's hand-painted bowl is a reminder of sentimental value as it was made by a friend for her 18th birthday ten years ago.,0.21333333333333335,0.20626811683177948,0.20980072508255643,301393592964.4928,10372225424.455078,46285227349.333336,16887200426.666666,0.0,131657.14339451896,101399.46114066416,685553.4418193324,1815,0.0045994799999999995,7.934288263320923,15,0,0,0,0,0,0,0
mem0,1763045450.7501144,0,What did Caroline and her family do while camping?,"explored nature, roasted marshmallows, and went on a hike",I don't know based on the given memories.,0.20408163265306123,0.17017598450183868,0.18712880857744996,437622933996.56616,9515797056.806683,46294912750.933334,16895052185.600004,0.0,39498.08333248293,245387.18398416927,1098715.618882029,851,0.0020467499999999995,7.880099534988403,15,0,0,0,0,0,0,0
mem0,1763045467.823133,0,What kind of counseling and mental health services is Melanie interested in pursuing?,"working with trans people, helping them accept themselves and supporting their mental health",I don't know based on the given memories.,0.22556390977443608,0.06986739486455917,0.14771565231949763,535720912774.88715,10188029274.98639,46283978888.53332,16894082525.866665,0.0,61440.313536561356,126550.73061454273,1018634.9851952461,1076,0.00259001,8.123326063156128,15,0,0,0,0,0,0,0
mem0,1763045484.8812284,0,What kind of counseling workshop did Melanie attend recently?,LGBTQ+ counseling workshop,I don't know based on the given memories.,0.26865671641791045,-0.008267825469374657,0.1301944454742679,335551143755.4052,9305835008.203854,46279817352.53335,16893475771.733334,0.0,13166.65476105436,128091.40556911431,808135.9385732318,1534,0.0037542499999999993,8.661686182022095,15,0,0,0,0,0,0,0
mem0,1763045527.716341,0,What motivated Melanie to pursue counseling?,"her own journey and the support she received, and how counseling improved her life",I don't know based on the given memories.,0.24390243902439024,0.16246269643306732,0.20318256772872878,2224646857148.8477,64542226296.55489,118578778931.2,43293078732.799995,0.0,604949.2005670448,951499.1754193116,4967102.656901687,1495,0.0036711799999999996,40.752338886260986,40,0,0,0,0,0,0,0
mem0,1763045544.7562666,0,What kind of place does Melanie want to create for people?,a safe and inviting place for people to grow,"Melanie wants to create a loving and accepting environment for people, as she values cultivating such an atmosphere for kids. Additionally, she values inclusivity in work as an artist, which suggests a broader desire to foster a welcoming space for all.",0.0,0.3364963233470917,0.16824816167354584,100910878802.36441,8138414942.886702,46299476787.20001,16892840345.6,0.0,17555.539681405815,141669.73849127232,729764.891313323,2108,0.0054721299999999995,9.241055965423584,15,0,0,0,0,0,0,0
mem0,1763045561.7918136,0,Did Caroline make the black and white bowl in the photo?,No,I don't know based on the given memories.,0.09302325581395349,0.12375812232494354,0.10839068906944851,457148882372.71063,11325632460.638826,46301053747.2,16915898367.999998,0.0,210646.41377770033,260707.4238662477,1132537.96719765,873,0.0020921299999999998,6.319048643112183,15,0,0,0,0,0,0,0
mem0,1763045578.8332033,0,What are the new shoes that Caroline got used for?,Running,I don't know based on the given memories.,0.08333333333333333,0.09355754405260086,0.08844543869296709,473925942541.67975,11892262936.088081,46279262208.000015,16910004224.000004,0.0,43886.34135883702,115473.34546228928,1032987.8752492893,572,0.0013444400000000001,6.153120040893555,15,0,0,0,0,0,0,0
mem0,1763045595.882991,0,What is Caroline's reason for getting into running?,To de-stress and clear her mind,Caroline likes running to boost her mood.,0.3333333333333333,0.32693806290626526,0.33013569811979926,337518945231.06335,8094538277.832137,46298933657.59999,16903052492.799997,0.0,70217.7699302656,151112.27408153858,907626.4460340196,1235,0.0030163699999999996,7.412437677383423,15,0,0,0,0,0,0,0
mem0,1763045612.9309988,0,What does Caroline say running has been great for?,Her mental health,Running boosts Caroline's mood.,0.125,0.3432971239089966,0.2341485619544983,265273175463.33167,7896768987.570634,46313997380.26666,16905138449.06667,0.0,118493.30965645277,213800.8208617097,719366.0420844168,1817,0.00443925,5.822525262832642,15,0,0,0,0,0,0,0
mem0,1763045629.9815211,0,What did Melanie see at the council meeting for adoption?,many people wanting to create loving homes for children in need,I don't know based on the given memories.,0.23076923076923078,0.02808418497443199,0.1294267078718314,407803107904.2272,12390254189.892254,46273824904.53333,16924084087.46667,0.0,52661.916801861094,138815.25361091603,1540704.560529238,1312,0.0031944399999999993,6.2836596965789795,15,0,0,0,0,0,0,0
mem0,1763045647.023836,0,What inspired Melanie's painting for the art show?,visiting an LGBTQ center and wanting to capture unity and strength,I don't know based on the given memories.,0.24299065420560748,0.01935463584959507,0.1311726450276013,367363359594.18176,5552305226.774188,46281362090.66667,16927209608.53333,0.0,171152.40516663768,179178.13612792417,766435.2336173425,1934,0.004754249999999999,6.233026504516602,15,0,0,0,0,0,0,0
mem0,1763045664.0790384,0,What inspired Caroline's sculpture for the art show?,visiting an LGBTQ center and wanting to capture unity and strength,I don't know based on the given memories.,0.24299065420560748,0.01935463584959507,0.1311726450276013,250420610342.3133,8060791735.690509,46279628117.333336,16929467050.666666,0.0,0.0,240423.9656643351,729681.2449991482,2049,0.005041749999999999,5.755574464797974,15,0,0,0,0,0,0,0
mem0,1763045681.1208045,0,How often does Caroline go to the beach with her kids?,once or twice a year,I don't know based on the given memories.,0.26229508196721313,0.11375363171100616,0.18802435683910965,328006572926.40814,8751984260.071583,46281264332.79999,16940664422.4,0.0,105324.7742134063,107705.05507670398,1022051.335562512,704,0.00166963,5.826151609420776,15,0,0,0,0,0,0,0
mem0,1763045698.1620557,0,What did Caroline and her family see during their camping trip last year?,Perseid meteor shower,I don't know based on the given memories.,0.2903225806451613,0.07380495965480804,0.18206377014998468,402555678842.6336,9250971573.43353,46295887871.99999,16934961152.0,0.0,65828.57142857143,161055.1038446233,969847.6514432642,1418,0.0034450099999999997,7.51687479019165,15,0,0,0,0,0,0,0
mem0,1763045715.2066422,0,How did Caroline feel while watching the meteor shower?,in awe of the universe,I don't know based on the given memories.,0.5396825396825397,0.18128371238708496,0.3604831260348123,350592874934.9593,8506167615.715565,46334233804.799995,16930127052.800001,0.0,157991.3929889357,190821.78676279882,1041405.9862226562,1077,0.0026117499999999995,5.837065696716309,15,0,0,0,0,0,0,0
mem0,1763045732.2583613,0,Why did Caroline choose to use colors and patterns in her pottery project?,She wanted to catch the eye and make people smile.,I don't know based on the given memories.,0.3956043956043956,0.21865501999855042,0.307129707801473,278768358579.6748,7828732703.6292095,46336604296.53332,16938094592.0,0.0,13165.714285714286,137239.7015401606,839350.16468148,1865,0.004562509999999999,13.981217384338379,15,0,0,0,0,0,0,0
mem0,1763045749.3093853,0,Is Oscar Melanie's pet?,No,I don't know based on the given memories.,0.09302325581395349,0.12375812232494354,0.10839068906944851,430282899521.7311,9227746091.691309,46336409600.0,16936857053.866667,0.0,184317.17924569992,250321.67649601077,1036987.9555225334,1039,0.0025254799999999997,6.1514222621917725,15,0,0,0,0,0,0,0
mem0,1763045766.3557394,0,Where did Oscar hide his bone once?,In Melanie's slipper,I don't know based on the given memories.,0.26229508196721313,0.16692057251930237,0.21460782724325775,308823711729.1653,9366489662.927303,46317923259.73332,16941619063.46667,0.0,26332.055644551307,138595.5667652179,1854536.2998114277,181,0.00038327,5.99226450920105,15,0,0,0,0,0,0,0
mem0,1763045783.410448,0,What activity did Melanie used to do with her dad?,Horseback riding,I don't know based on the given memories.,0.14035087719298245,0.09651021659374237,0.11843054689336241,223311004357.01138,7338023499.050938,46307583317.333336,16946614272.0,0.0,87772.05573411398,159041.0200543037,541246.4866811992,2190,0.005389439999999999,8.062719821929932,15,0,0,0,0,0,0,0
mem0,1763045800.4673123,0,What did Melanie make for a local church?,a stained glass window,I don't know based on the given memories.,0.2222222222222222,0.09761583805084229,0.15991903013653225,345314307939.87366,8946466429.799028,46302658286.93333,16943499127.46667,0.0,92161.88108502419,110239.6430012992,950004.8466596727,1234,0.00300906,5.475673198699951,15,0,0,0,0,0,0,0
mem0,1763045817.5125432,0,What did Melanie find in her neighborhood during her walk?,a rainbow sidewalk,I don't know based on the given memories.,0.2711864406779661,0.03143675625324249,0.1513115984656043,397350814752.3102,9106427315.607922,46229244040.53335,16942325760.0,0.0,78995.2261896258,191320.18219115434,1010847.5210720702,1453,0.0035469399999999997,6.131824731826782,15,0,0,0,0,0,0,0
mem0,1763045834.5641348,0,Which song motivates Melanie to be courageous?,Brave by Sara Bareilles,I don't know based on the given memories.,0.28125,0.033904366195201874,0.15757718309760094,283733934266.1012,7925871479.343297,46148805700.26667,16942820283.73333,0.0,144820.97699824115,170998.93708539364,891903.0878296129,1219,0.0029739099999999997,5.296302080154419,15,0,0,0,0,0,0,0
mem0,1763045851.6092896,0,What type of instrument does Caroline play?,clarinet and violin,"Based on the given memories, Caroline plays the guitar and is learning to play the piano.",0.2962962962962963,0.32649171352386475,0.3113940049100805,310811633467.5829,8430336031.341087,46203375616.00001,16949364326.400003,0.0,26331.428705772592,169742.1585047231,967729.7664513274,662,0.00165137,6.056432723999023,15,0,0,0,0,0,0,0
mem0,1763045868.6760154,0,Which classical musicians does Caroline enjoy listening to?,Bach and Mozart,I don't know based on the given memories.,0.25,0.15567930042743683,0.20283965021371841,340751735148.70245,9426901593.53107,46197280768.0,16948281344.0,0.0,122880.62734181077,150970.36121552114,987515.9368463024,855,0.0020615599999999996,6.395535230636597,15,0,0,0,0,0,0,0
mem0,1763045885.736873,0,Who is Caroline a fan of in terms of modern music?,Ed Sheeran,"Based on the given memories, Caroline likes the song 'Brave' by Sara Bareilles and associates it with personal growth and progress. However, there is no specific mention of other modern music preferences, so I don't know based on the given memories what else Caroline is a fan of in terms of modern music.",0.0,0.13735657930374146,0.06867828965187073,305112402897.1859,12978892855.641094,46168249139.200005,16947297484.799997,0.0,26331.428705772592,129786.89821309458,832749.3698736666,947,0.0026794399999999995,9.604327201843262,15,0,0,0,0,0,0,0
mem0,1763045902.7952886,0,What precautionary sign did Caroline see at the caf√©?,A sign stating that someone is not being able to leave,I don't know based on the given memories.,0.25263157894736843,0.014063547365367413,0.13334756315636792,347852142931.70996,7379865990.907598,46158216669.86667,16948189593.599998,0.0,144820.9767295531,117657.96383417872,695175.385118934,729,0.0017369400000000002,6.7400243282318115,15,0,0,0,0,0,0,0
mem0,1763045919.84558,0,What setback did Caroline face recently?,She got hurt and had to take a break from pottery.,I don't know based on the given memories.,0.1978021978021978,0.18720382452011108,0.19250301116115442,522357648059.04364,10683069455.876904,46159901764.26666,16953235865.600004,0.0,52664.11110997724,210036.35687834877,1226598.0433773093,985,0.00239618,6.210665225982666,15,0,0,0,0,0,0,0
mem0,1763045936.8970184,0,What does Caroline do to keep herself busy during her pottery break?,Read a book and paint.,I don't know based on the given memories.,0.2222222222222222,0.0984647125005722,0.1603434673613972,406340257161.60284,9954448782.52882,46195649740.80001,16949193386.666666,0.0,61439.373195565306,157257.250660334,923162.036990657,1631,0.00398232,6.76746129989624,15,0,0,0,0,0,0,0
mem0,1763045953.9543283,0,What was the poetry reading that Melanie attended about?,It was a transgender poetry reading where transgender people shared their stories.,I don't know based on the given memories.,0.3252032520325203,0.18816480040550232,0.2566840262190113,297514859053.6566,8543814561.796067,46241492992.0,16952291327.999998,0.0,131659.96441750712,147701.2562696583,772366.6143173042,1469,0.0035917499999999995,6.781779050827026,15,0,0,0,0,0,0,0
mem0,1763045971.0064516,0,What happened to Caroline's son on their road trip?,He got into an accident,I don't know based on the given memories.,0.28125,0.1774488240480423,0.22934941202402115,400807449109.70325,10138980643.300617,46198073207.46667,16959477623.46667,0.0,39496.202516146805,205351.33550774917,1112809.6903810785,583,0.00137194,6.864122152328491,15,0,0,0,0,0,0,0
mem0,1763045988.0534391,0,How did Caroline's son handle the accident?,He was scared but reassured by his family,I don't know based on the given memories.,0.0975609756097561,0.23081952333450317,0.16419024947212962,505698486152.1626,10964483717.98692,46188184098.13334,16962522043.73333,0.0,61439.373195565306,140843.33261864306,1000025.8138584427,465,0.00108656,6.367622375488281,15,0,0,0,0,0,0,0
mem0,1763046005.1120543,0,How did Caroline feel about her family after the accident?,They are important and mean the world to her,I don't know based on the given memories.,0.4,0.15083810687065125,0.27541905343532563,331967940730.2343,9411369013.48756,46192849169.06666,16967983650.133335,0.0,13164.773944718232,91724.09244382737,821889.375445363,993,0.0023969399999999997,7.166558265686035,15,0,0,0,0,0,0,0
mem0,1763046022.167283,0,How did Caroline's children handle the accident?,They were scared but resilient,I don't know based on the given memories.,0.22535211267605634,0.24149799346923828,0.23342505307264733,349979503947.8748,9384232480.072723,46188732142.93333,16973333299.200003,0.0,144822.85754588922,125725.43681322015,830723.7979097841,470,0.00109906,6.390944719314575,15,0,0,0,0,0,0,0
mem0,1763046039.2261114,0,How did Caroline feel after the accident?,Grateful and thankful for her family,I don't know based on the given memories.,0.3116883116883117,0.17456503212451935,0.24312667190641551,501052901694.0407,10246827016.975128,46202051515.73334,16965808128.000002,0.0,26330.80172221254,150297.4482314028,972728.1002565392,736,0.00176887,6.4446611404418945,15,0,0,0,0,0,0,0
mem0,1763046056.2934604,0,What was Caroline's reaction to her children enjoying the Grand Canyon?,She was happy and thankful,I don't know based on the given memories.,0.14925373134328357,0.1879214346408844,0.16858758299208398,388718398605.80396,10696566893.281326,46228092791.46667,16966016204.799997,0.0,30720.00008956268,143102.1343550127,906899.6676674547,1304,0.0031648199999999996,7.809010982513428,15,0,0,0,0,0,0,0
mem0,1763046073.3514333,0,What did Caroline do after the road trip to relax?,Went on a nature walk or hike,I don't know based on the given memories.,0.4,0.1411183476448059,0.27055917382240297,342748050415.3739,8684322744.42857,46235701247.99999,16976334848.0,0.0,175542.85750110785,200850.45433367946,766896.4990288343,1128,0.00273444,7.196462631225586,15,0,0,0,0,0,0,0
mem0,1763046090.4217753,0,What does Caroline love most about camping with her family?,Being present and bonding with her family,I don't know based on the given memories.,0.1951219512195122,0.21436436474323273,0.20474315798137246,448368481583.7087,10270785073.41297,46218914474.666664,16981689685.333334,0.0,52659.09577887294,109802.88149396879,1106372.4858732468,1598,0.00390944,7.781087636947632,15,0,0,0,0,0,0,0
